0.01,3.552713678800501e-15,0.00005908943641056837,5.8251721754322125e-16,1.0000000000000004,0.12522049819115497,0.21100064095124074,0.002307692307692308,1.0926462038999465,0.9576637885939385,-0.00375,0.48386729154577446,0.21274307874884393,-0.004285714285714286,-0.08328886782025696,0.805261112312915,0.009230769230769232,0.9390467997971832,0.21515511832105655,0.01,1.2174605870857274,1.0699300927343467,-0.01,0.1194573528177359,1.4276909820050439,0.01,0.9331894203845708,1.4316579860664467,0
0.02,7.105427357601002e-15,0.0001416220303354917,1.8038822454981794e-16,0.9999999999999997,0.20546329812868838,0.3081560606439864,0.004615384615384616,1.0112864244687882,0.9246893151133,-0.0075,0.5062506047089015,0.3100647434637454,-0.008571428571428572,0.03326939753246599,0.8061510356914613,0.018461538461538463,0.8825625555833695,0.31342830543800637,0.02,1.1126280004009697,1.0239662691456077,-0.02,0.19974566074700784,1.3201414447763022,0.02,0.8763933042775768,1.324505625510274,0
0.03,2.6645352591003757e-15,0.00027623579482265496,1.8820679472065362e-16,1.0000000000000004,0.28633478652601835,0.40484029937037064,0.006923076923076923,0.9284213477543009,0.9026215626882595,-0.01125,0.5218415102926366,0.40620514772224303,-0.012857142857142855,0.1484051516469916,0.799838469371118,0.027692307692307693,0.8262211705630966,0.4106603455258185,0.03,1.0104185334362565,0.9754107084583826,-0.03,0.28367568046263797,1.2141193541499182,0.03,0.8222809816382012,1.217406912682121,0
0.04,5.329070518200751e-15,0.0007293880635053767,1.336812584954119e-16,1.0000000000000002,0.3386234405754684,0.4665136544167218,0.009230769230769232,0.8702973946774012,0.9010873708140882,-0.015,0.5385489139882675,0.46630853710837455,-0.017142857142857144,0.22050721922787817,0.7934342804883266,0.036923076923076927,0.7843001449942343,0.4718284865651339,0.04,0.9452365742776356,0.9360852959948402,-0.04,0.3435402266197811,1.1479413234889406,0.04,0.7865451781260281,1.147903851243734,0
0.05,2.469136006766348e-13,0.001215439247065463,-4.799135942995143e-14,0.9999999999999819,0.3622794337806946,0.4933561837656444,0.011538461538461539,0.8443458069118225,0.8999107977924428,-0.018750000000000003,0.5444717985684264,0.492662513614674,-0.02142857142857143,0.2541370690837598,0.7901155834387713,0.046153846153846156,0.7653715139355938,0.5016713627293368,0.05,0.9147223372577802,0.9180717094999307,-0.05,0.37186120548935325,1.118121412776724,0.05,0.7704098739200904,1.1173277714126812,0
0.06,2.6645352591003757e-15,0.001501339553331228,2.3915846173329756e-16,0.9999999999999996,0.362797810092422,0.4921908071064565,0.013846153846153847,0.8424685263964733,0.9031370592792596,-0.0225,0.5465669219797683,0.49130694547696946,-0.02571428571428571,0.2554236836875323,0.7895880552371107,0.055384615384615386,0.7624002619621455,0.5046140299899384,0.06,0.9127414527794679,0.9141592882112233,-0.06,0.37603699964139864,1.1184956203307659,0.06,0.7691633743551527,1.1177455294674132,0
0.07,4.440892098500626e-15,0.0010974498080556108,-4.0051564946607576e-16,1,0.35987490791366183,0.49557175002084003,0.016153846153846158,0.8398640051401065,0.9131758373655121,-0.026250000000000002,0.5391796139158348,0.49328269188793616,-0.030000000000000002,0.256231062790394,0.7745852504511785,0.06461538461538463,0.7630352266305888,0.5087661334358156,0.07,0.9109982971676592,0.9136953263089338,-0.07,0.3822045176480204,1.1179235520475659,0.07,0.7762113848707898,1.1142367939555082,0
0.08,3.552713678800501e-15,0.001348448098737301,-3.962569437889249e-16,1.0000000000000002,0.3594176545962651,0.4929745026696892,0.018461538461538463,0.8398358504163786,0.9146475687684034,-0.03,0.5382918188826444,0.49090530271990934,-0.03428571428571429,0.25730612924436574,0.7735431432500333,0.07384615384615385,0.7618979066200927,0.5120824377401754,0.08,0.9094118894826274,0.911615951533649,-0.08,0.38544659352387434,1.1191424349466905,0.08,0.7759911724802131,1.1163422193853085,0
0.09,9.174883075502294e-13,0.0017751051151046425,1.5692883964920608e-13,0.9999999999999856,0.35878140761060445,0.4903793947640135,0.02076923076923077,0.8378853482746332,0.9226254440567938,-0.03375,0.5381269254200367,0.48786163773994484,-0.03857142857142857,0.2572995323983295,0.7699317480398302,0.08307692307692308,0.7591395468540671,0.5145636060739371,0.09,0.9085588118869655,0.9069727263956516,-0.09,0.39124879934769924,1.121048708230714,0.09,0.7765870618884673,1.1178687643291925,0
0.1,2.6645352591003757e-13,0.002170929109203405,4.5082310855988553e-14,1.0000000000000049,0.358003159503014,0.48741761134375633,0.023076923076923078,0.8365226867548259,0.9290530921654894,-0.037500000000000006,0.5371039933493531,0.4846880863722563,-0.04285714285714286,0.2577173618078251,0.7665662261404139,0.09230769230769231,0.7569016586177264,0.5176299851829163,0.1,0.9074030937903235,0.9031185988038907,-0.1,0.39678804991753774,1.1229267396384013,0.1,0.7771874224050807,1.1198492966833489,0
0.11,3.552713678800501e-15,0.002201973200984882,1.5228414012239475e-16,1,0.356840539910922,0.4840515813023269,0.025384615384615387,0.8354783935483879,0.9349895447148743,-0.04125,0.5359789591637669,0.48116036276152885,-0.04714285714285714,0.2581032477605521,0.7631905738333795,0.10153846153846155,0.7548218911812079,0.5208769303501237,0.11,0.9062003820936568,0.8996333087136603,-0.11,0.40227806789109577,1.1250722420033525,0.11,0.777925935323193,1.122275092652102,0
0.12,3.730349362740526e-14,0.0019988202445192583,1.0476359207422325e-15,0.9999999999999907,0.3551237817922025,0.4804756383898164,0.027692307692307693,0.8342834059313369,0.941669832572665,-0.045,0.5354814396710119,0.47720854793189604,-0.05142857142857142,0.25815914557447783,0.759402027244123,0.11076923076923077,0.7523903304836391,0.5240449824800815,0.12,0.9050407801710029,0.896001950117719,-0.12,0.4081683825643703,1.1275752728391955,0.12,0.7789799663933923,1.1248707344798865,0
0.13,5.329070518200751e-15,0.0019941940849498643,-3.6704053027198415e-16,0.9999999999999992,0.3536370599009886,0.4763243828054238,0.030000000000000002,0.8337156139116665,0.9471393507755429,-0.04875,0.5331260511157248,0.47316093675952714,-0.055714285714285716,0.2587038754059585,0.7557658795400488,0.12000000000000001,0.7508868812597937,0.5275341164632958,0.13,0.9038429818625084,0.8931767331770015,-0.13,0.41378837490813153,1.13006417425991,0.13,0.7799263822073841,1.1280834122612617,0
0.14,1.7763568394002505e-15,0.0019080606101573863,-5.7554715472954e-16,0.9999999999999994,0.3517854000811664,0.47206212276827625,0.032307692307692315,0.8329680708024559,0.9530223413750516,-0.052500000000000005,0.5312396172068281,0.46886693799563034,-0.060000000000000005,0.2591640934436953,0.7518742770497525,0.12923076923076926,0.7490995492996719,0.531044134711156,0.14,0.9025415814565688,0.8902700522682696,-0.14,0.4198144782393879,1.132729137303614,0.14,0.781014415621204,1.1313799825578936,0
0.15,1.7763568394002505e-15,0.0018247362591698778,6.33285643215897e-16,1.0000000000000002,0.3496582952026653,0.46744492051487085,0.03461538461538462,0.8324787440473427,0.9588633902151619,-0.056249999999999994,0.5285812382804405,0.46436395027978133,-0.06428571428571428,0.25958096897286204,0.7476603682932597,0.13846153846153847,0.7477895159295006,0.5344281946623122,0.15,0.9013495668597027,0.8878005008078272,-0.15,0.42582061290480633,1.135620278632894,0.15,0.7823517077584543,1.1350674674230519,0
0.16,2.6645352591003757e-15,0.0018052548463664102,-2.5375489377933906e-16,1.0000000000000002,0.33630718193308773,0.44998168874553485,0.036923076923076927,0.843948006498806,0.968679259905652,-0.06,0.5239702819252211,0.44680894331756915,-0.06857142857142857,0.2423887925979878,0.7443203613728748,0.1476923076923077,0.7548705482317952,0.5223095153425001,0.16,0.9160494108602978,0.8921690473957885,-0.16,0.4183210784565425,1.1536674980362391,0.16,0.7917549382914228,1.1533127565974821,0
0.17,3.8191672047105385e-14,0.0017963162791627123,-1.1472713187257972e-16,0.9999999999999993,0.3226557451875073,0.43214303881172017,0.039230769230769236,0.855745492236683,0.9785927953472202,-0.06375,0.519320542110065,0.4288764963571684,-0.07285714285714286,0.2247134882445044,0.7410418498858946,0.15692307692307694,0.7621672474691532,0.5097635806889478,0.17,0.9311909447059588,0.8967118430342454,-0.17,0.4104594261711827,1.172142447025496,0.17,0.8013569680275041,1.1719770195017478,0
0.18,1.5987211554602254e-14,0.0017883096576514906,1.0286987726340626e-16,0.9999999999999964,0.3068903416221938,0.4119676221730778,0.04153846153846154,0.8696891095469443,0.9893179833290122,-0.0675,0.5147129615933471,0.40847460481646003,-0.07714285714285714,0.20369590510969138,0.7380301841265996,0.16615384615384615,0.7708028871516234,0.4943337267819148,0.18,0.9492811949819486,0.902386252307463,-0.18,0.4001207497329983,1.193450321866983,0.18,0.8124162965539008,1.1932883752150363,0
0.19,1.0125233984581428e-13,0.0017901483906282035,-5.92214534085864e-15,0.9999999999999847,0.28817083830402473,0.3884127677523898,0.04384615384615385,0.8868143961432812,1.0011233468807148,-0.07125000000000001,0.5096268400969468,0.3846244087266911,-0.08142857142857142,0.17795873568356219,0.7352718407380396,0.1753846153846154,0.7816503158249621,0.4747642568552985,0.19,0.9716304595184615,0.909841918362952,-0.19,0.3861365499102719,1.218777713273431,0.19,0.8256208763626123,1.2184328179450017,0
0.2,1.7763568394002505e-15,0.0017961578320353593,4.107619207652285e-16,1.0000000000000002,0.27162082995764864,0.3668864304703888,0.046153846153846156,0.9019330842920568,1.0119249913286534,-0.07500000000000001,0.5046360459577893,0.3629785122607914,-0.08571428571428572,0.1554214067842387,0.7326867370753225,0.18461538461538463,0.7910999291738409,0.45796839577322457,0.2,0.9912334487260754,0.9161037949977209,-0.2,0.37449183479470505,1.2414782651318537,0.2,0.8371720909831288,1.241221943670566,0
0.21,2.255973186038318e-13,0.0017966681930612694,1.6012035751569534e-14,0.9999999999999868,0.25485294325079777,0.34563011280521044,0.048461538461538466,0.9169450273169311,1.0233130600116824,-0.07875,0.4993237704165459,0.3415360367733264,-0.09,0.13281955317575825,0.7293601378748834,0.19384615384615386,0.8007541712949912,0.4410646258639192,0.21,1.0108034799236048,0.922492245491533,-0.21,0.3629422588286074,1.2640903808098276,0.21,0.8491671591314983,1.2637624716550386,0
0.22,1.7763568394002505e-15,0.0017989737553316216,-1.3488066977048172e-16,0.9999999999999998,0.23701363884904372,0.3230664360024401,0.050769230769230775,0.9331221184882065,1.034791426580315,-0.0825,0.49441800986302914,0.3186940583832696,-0.09428571428571428,0.10847917344608929,0.7265561506549698,0.2030769230769231,0.8109232411965474,0.4227246006350108,0.22,1.0318908578093362,0.9294052971912912,-0.22,0.3500440750883176,1.288232382309105,0.22,0.8617169533065081,1.287778719770269,0
0.23,1.7763568394002505e-15,0.0018052643058305048,0,1,0.21940190639510287,0.3005768922447046,0.053076923076923084,0.9491949996908768,1.046246461118103,-0.08625000000000001,0.48919632674433955,0.29601444153041845,-0.09857142857142857,0.0843781171156799,0.7237229561918409,0.21230769230769234,0.8211356897955826,0.4045403908256995,0.23,1.0528508689890637,0.9362694985150372,-0.23,0.33729173842948734,1.3121954026788858,0.23,0.8741581570105074,1.3116830287772714,0
0.24,1.7763568394002505e-15,0.001809133351017518,-2.246423351234023e-16,0.9999999999999998,0.20188939824909938,0.2782757454051787,0.055384615384615386,0.9650978801081153,1.0576436066945039,-0.09,0.4841588255560424,0.2734879821777437,-0.10285714285714284,0.06048434302231404,0.7208932736916426,0.22153846153846155,0.8311736713606795,0.38656318732662426,0.24,1.0735840651961395,0.9430302921546423,-0.24,0.3247205551310571,1.335971271132646,0.24,0.8864975839964144,1.33538371366562,0
0.25,2.6645352591003757e-15,0.0018061543454950192,4.145381557343162e-16,0.9999999999999996,0.18536307158042548,0.25720893321450655,0.057692307692307696,0.9798965651545011,1.0686339507066385,-0.09375,0.4793216314770192,0.25220008710155745,-0.10714285714285714,0.038243627288715186,0.7179229071337621,0.23076923076923078,0.8404461039356377,0.37004730475004327,0.25,1.0927964739266816,0.9492033458042856,-0.25,0.31340785872335086,1.3583250816286194,0.25,0.8981307864990327,1.3577074623301828,0
0.26,1.7763568394002505e-15,0.0018080985169624734,3.8277759940773375e-16,1,0.1683887821775096,0.23549209538934152,0.060000000000000005,0.9952705072067572,1.0798350364117737,-0.0975,0.47419838456508057,0.23030438509272183,-0.11142857142857143,0.015194302955772693,0.7150024978323098,0.24000000000000002,0.8501835409083928,0.35278778624941326,0.26,1.1127978843583253,0.955694970732118,-0.26,0.30145404451254465,1.381386451426517,0.26,0.9101184774602332,1.3807458497893748,0
0.27,1.7763568394002505e-15,0.001806584335251676,-1.7769870375342641e-16,0.9999999999999998,0.151943981487166,0.2144611052821259,0.062307692307692314,1.0100273272991198,1.0908112611818954,-0.10125,0.46925966518813805,0.20908127860076012,-0.11571428571428571,-0.006954006025010425,0.7120186210608138,0.24923076923076926,0.8594664104672545,0.3363360636200763,0.27,1.131954635860642,0.9618509253578114,-0.27,0.29019629960049603,1.4036687616947146,0.27,0.9217114381085096,1.403021056329976,0
0.28,1.7763568394002505e-15,0.001804940723601986,-1.652207829501288e-16,0.9999999999999999,0.13513976217523305,0.19309982153498442,0.06461538461538463,1.0250893764427647,1.101900939140852,-0.10500000000000001,0.46450213975763543,0.18746814247773022,-0.12000000000000001,-0.029626968583808342,0.7091033816880016,0.2584615384615385,0.8688741754090727,0.3194578000541516,0.28,1.1515352087637571,0.9681529702763892,-0.28,0.2785732759868724,1.426387108121428,0.28,0.9335186195648255,1.4256789101792615,0
0.29,1.7763568394002505e-15,0.0018103440052856083,2.298536690547208e-16,0.9999999999999997,0.11719412992080624,0.17019146759270304,0.06692307692307692,1.0415341743389102,1.1134996078929598,-0.10874999999999999,0.4592163703983553,0.16437299624583313,-0.12428571428571428,-0.05428579442041143,0.7062874743959277,0.2676923076923077,0.8793648859837999,0.3007838782508712,0.29,1.1730021892944447,0.9752390961883324,-0.29,0.2653792037898925,1.450823342758349,0.29,0.9462002618075668,1.4500512101688334,0
0.3,1.7763568394002505e-15,0.0018113882297682699,-7.150426201635091e-17,1,0.10009567242574187,0.14838272953246687,0.06923076923076923,1.0569945430613845,1.1247336179907892,-0.11249999999999999,0.4542061112438579,0.14235380493407737,-0.12857142857142856,-0.07750163338875746,0.7033932666736993,0.27692307692307694,0.8891162441618471,0.28339755784014276,0.3,1.193124601291646,0.981769023742343,-0.3,0.2533163085375379,1.4740194824584967,0.3,0.9582529999200815,1.4731995906069566,0
0.31,1.7763568394002505e-15,0.001816192365652411,-4.668662187583611e-16,0.9999999999999998,0.08228841635115348,0.12564525414413963,0.07153846153846154,1.0732851769803309,1.136283966926839,-0.11624999999999999,0.4491392605984721,0.1193981543314942,-0.13285714285714284,-0.10193305888122513,0.7006038210767236,0.28615384615384615,0.8994432339541972,0.2649284729545853,0.31,1.2143955483122582,0.988736014160455,-0.31,0.24033039058295205,1.4982735696815526,0.31,0.9708346516963744,1.4973798209996663,0
0.32,1.7763568394002505e-15,0.001817526440355328,4.364699694637596e-16,0.9999999999999998,0.06438066813623922,0.1029382339863006,0.07384615384615385,1.0895954268456174,1.1478028393973096,-0.12,0.4440394605484015,0.0964547431253419,-0.13714285714285715,-0.12641444528688062,0.6977593025148842,0.2953846153846154,0.9097843872835414,0.24643858203736882,0.32,1.235645600498871,0.9957571721249202,-0.32,0.22728644436115603,1.5225437840291294,0.32,0.9834687137412198,1.5215513151414684,0
0.33,4.440892098500626e-15,0.0018153108029627164,-4.132609386473824e-16,0.999999999999999,0.04957776412323627,0.08370752655133126,0.07615384615384616,1.102643785451973,1.158201997188335,-0.12375,0.4392636009990416,0.07709685060801426,-0.14142857142857143,-0.14600651227695835,0.694649688877647,0.3046153846153846,0.9179096577395169,0.23221526282039265,0.33,1.2525271983324069,1.000949399210259,-0.33,0.21798452663827184,1.542652335731926,0.33,0.9938861360078447,1.5417729111781564,0
0.34,8.881784197001252e-16,0.001809330537607962,-1.1162839598865706e-16,1.0000000000000004,0.03379824520557515,0.06352421898617654,0.07846153846153847,1.1166604708451502,1.1688965737267283,-0.1275,0.4344147010672981,0.05673215418136552,-0.1457142857142857,-0.16702578070419477,0.6915324631225442,0.3138461538461539,0.9267083248501842,0.21675811762710606,0.34,1.2706460166796012,1.006735407458676,-0.34,0.20756602451196948,1.5639591323115127,0.34,1.0050180541149363,1.5631079048235752,0
0.35000000000000003,1.7763568394002505e-15,0.0018094851445013534,0,1.0000000000000002,0.016666346558667562,0.041744678789390297,0.08076923076923079,1.1320966611854488,1.180124442792684,-0.13125,0.4295681204987693,0.03470430537691066,-0.15,-0.1902527230976331,0.6886602053833455,0.32307692307692315,0.9363838479135181,0.19938670644527734,0.35000000000000003,1.2907409949059765,1.0132388949325466,-0.35000000000000003,0.19551842700025282,1.587155283652931,0.35000000000000003,1.017064277217278,1.5862314550209278,0
0.36,2.6645352591003757e-15,0.0018110634809710242,-2.9843057497582126e-16,0.9999999999999998,0.0000027299134521060676,0.020358304966054785,0.08307692307692308,1.1471476032711503,1.191219967550361,-0.135,0.42444562391530094,0.013156688268774672,-0.15428571428571428,-0.21282591679392537,0.685721837128744,0.3323076923076923,0.9459050052694737,0.1825415511321754,0.36,1.3103174932297843,1.019546372629283,-0.36,0.1839299258226889,1.6098113439373898,0.36,1.0288242888276213,1.6088899068260698,0
0.37,1.7763568394002505e-15,0.001811719325395658,0,1,-0.016860810178509846,-0.0011733472995988663,0.08538461538461539,1.1623512111157397,1.2023616943682272,-0.13874999999999998,0.41946960755456897,-0.008579839684145225,-0.15857142857142856,-0.23566186519959012,0.6828064943939893,0.34153846153846157,0.9554782738463958,0.16549204204149778,0.37,1.3300920192232497,1.025937048552291,-0.37,0.1721556622513638,1.6326823246617455,0.37,1.0407035327608982,1.631727923990578,0
0.38,1.7763568394002505e-15,0.0018095771462420737,8.93579602179471e-17,1.0000000000000004,-0.033265198335863874,-0.0221326702375799,0.0876923076923077,1.1770472401806809,1.2133184147123088,-0.14250000000000002,0.41457274363342456,-0.029738929288782377,-0.16285714285714284,-0.2577288173367938,0.6798098133190142,0.3507692307692308,0.964711779889754,0.14911781524304826,0.38,1.3491641565399413,1.0320634239054003,-0.38,0.16096180290516449,1.6548904419521226,0.38,1.0522638397263087,1.6539260314245088,0
0.39,4.440892098500626e-15,0.0018118947071595985,2.537254932102836e-16,0.9999999999999997,-0.05106051702352639,-0.04474759340621097,0.09000000000000001,1.1932524179031592,1.2248204282694317,-0.14625,0.40944139742668667,-0.05257983103421704,-0.16714285714285715,-0.2820664386638316,0.676998839366995,0.36000000000000004,0.9749706614363027,0.13075125541583227,0.39,1.370297520913267,1.039002181770053,-0.39,0.14804680427846828,1.6790488291304808,0.39,1.0648116255632205,1.6779921168421883,0
0.4,5.329070518200751e-15,0.0018134071184034842,0,0.9999999999999997,-0.06834619922856579,-0.06678060855142534,0.09230769230769231,1.2089176127161376,1.2361248960087725,-0.15000000000000002,0.40440203307745937,-0.07482661465461961,-0.17142857142857143,-0.30558763584083576,0.6741293564281937,0.36923076923076925,0.98486158101178,0.11309644953447309,0.4,1.3906978002821975,1.0456428096485388,-0.4,0.135750775122156,1.7025072953612705,0.4,1.0769974244775735,1.7013926423407013,0
0.41000000000000003,5.329070518200751e-15,0.0018123503206959632,-3.819207437792979e-16,0.9999999999999996,-0.08535025485904148,-0.088367646585673,0.09461538461538463,1.224190289801458,1.2472876143243814,-0.15375,0.39962329706505073,-0.09667181214118774,-0.1757142857142857,-0.3285770157489007,0.6712315363051125,0.3784615384615385,0.9944130914922965,0.09594221199469331,0.41000000000000003,1.4105612250100363,1.0520631517645997,-0.41000000000000003,0.12388507544633645,1.725494917423054,0.41000000000000003,1.088946877774026,1.7243067313904306,0
0.42,1.7763568394002505e-15,0.0018160887718898715,1.449808534939857e-16,1,-0.10364614399763794,-0.11159814839711578,0.09692307692307693,1.2409443715149875,1.2589886347059431,-0.1575,0.3944507309423654,-0.12014064749627108,-0.18,-0.35374113940353147,0.6684869847100976,0.3876923076923077,1.0050404485138953,0.07684584056913034,0.42,1.4324494222670532,1.0592904153323865,-0.42,0.11034540463928148,1.7503603363210831,0.42,1.1018494143687667,1.7490532893981685,0
0.43,1.7763568394002505e-15,0.0018135511660794783,2.0832994504459087e-16,1.0000000000000002,-0.11888883989434723,-0.1313160405525237,0.09923076923076923,1.2544856688838308,1.269533918086179,-0.16125,0.3894776500423726,-0.1399745984522918,-0.18428571428571427,-0.3740111569517014,0.6653487287141567,0.39692307692307693,1.0135685534891838,0.06201288685518116,0.43,1.4499544369155208,1.0647992398453114,-0.43,0.1004861151466082,1.7710463148232642,0.43,1.1126200213381952,1.7698362556447174,0
0.44,1.7763568394002505e-15,0.0018169346282794737,-5.285167561179263e-16,0.9999999999999996,-0.13716739790144783,-0.15452893164165776,0.10153846153846155,1.2712270594101698,1.2812281578154308,-0.165,0.3842845539977149,-0.16342096520298668,-0.18857142857142856,-0.3991478857763192,0.6625938005660195,0.4061538461538462,1.024197401188213,0.04293772551884413,0.44,1.4718212313616028,1.072025017200539,-0.44,0.08696174672601706,1.7958884996514883,0.44,1.1255156702163798,1.794563401014164,0
0.45,2.6645352591003757e-15,0.0018169790052080083,-3.786575170556705e-16,0.9999999999999997,-0.15419237013897677,-0.17650334789614133,0.10384615384615385,1.2866777558493325,1.292576424114164,-0.16875,0.37941182370894955,-0.18553174580112064,-0.19285714285714284,-0.4224337973657021,0.6595365665930653,0.4153846153846154,1.0341106108000324,0.025538508309024543,0.45,1.4919750664784852,1.0787329693578978,-0.45,0.07467221244855214,1.8190801230789007,0.45,1.137470014762385,1.8178574251252138,0
0.46,1.7763568394002505e-15,0.001816712843527066,2.421258241126588e-16,1,-0.17008985491179987,-0.19698380616654595,0.10615384615384617,1.300874511910156,1.3033903806989098,-0.17250000000000001,0.37456067956957617,-0.20618248908208203,-0.19714285714285715,-0.44377329644644337,0.6565496432530472,0.4246153846153847,1.0429959282123349,0.009793837239236394,0.46,1.5104182889420932,1.084550528688739,-0.46,0.06404909177446826,1.8406772548416117,0.46,1.14865591270203,1.839491573120515,0
0.47000000000000003,3.552713678800501e-15,0.0018118474227068445,5.82127093742896e-17,0.9999999999999996,-0.1853669493218229,-0.21654300510273672,0.10846153846153847,1.314296534895547,1.313888516437979,-0.17625000000000002,0.3699803483321633,-0.22594867335513827,-0.20142857142857143,-0.46396665944434606,0.6534251546961765,0.4338461538461539,1.0513142325797373,-0.0049111492406523774,0.47000000000000003,1.5277554687621695,1.0899828905496185,-0.47000000000000003,0.05429235612603305,1.861270063948389,0.47000000000000003,1.159385880010449,1.8601231245372163,0
0.48,5.329070518200751e-15,0.0018119192410589527,-4.459792559326946e-16,0.9999999999999993,-0.2026889216996181,-0.23853506204183744,0.11076923076923077,1.3299339125858172,1.3251836323045705,-0.18,0.36510894557277535,-0.24819287038578355,-0.20571428571428568,-0.4874914479758491,0.6505576471124932,0.4430769230769231,1.0611355405224858,-0.022541811597417857,0.48,1.5481151977199499,1.096608689742746,-0.48,0.04200835942122224,1.8847176201311733,0.48,1.1715695705100793,1.8834890772897528,0
0.49,5.329070518200751e-15,0.0018120058960741975,-8.562840925789478e-16,0.9999999999999998,-0.21929295288270034,-0.2597903878732765,0.11307692307692307,1.3448687428077752,1.336243367601864,-0.18375,0.36017731362503813,-0.2696440825369085,-0.21,-0.5099298064205798,0.647619686897452,0.4523076923076923,1.0705265600737577,-0.0392453111276273,0.49,1.5675374679890697,1.1028467665171933,-0.49,0.030540053487093332,1.9072490881266726,0.49,1.1832637269796817,1.9060077952193195,0
0.5,4.440892098500626e-15,0.0018116717578915461,-6.167911662434563e-16,0.9999999999999998,-0.23608106091408693,-0.2812304967235336,0.11538461538461539,1.3600016713892336,1.3473520501078315,-0.1875,0.35517659007047114,-0.29127923946823614,-0.21428571428571427,-0.5326366700227682,0.644662305177688,0.46153846153846156,1.0800788699298658,-0.0561875197183697,0.5,1.5872005744179727,1.1092185489724917,-0.5,0.01884611770286514,1.9300071955961902,0.5,1.1951049639609368,1.9287440792714345,0
0.51,7.105427357601002e-15,0.0018123350796074593,-5.936757480391903e-16,1,-0.2521352518511749,-0.3020024770831365,0.11769230769230771,1.374485048935002,1.3582445327465928,-0.19125,0.34993522450793246,-0.31214791377016415,-0.21857142857142856,-0.5542881223926981,0.6416221526051782,0.47076923076923083,1.089299169388021,-0.0722570295202646,0.51,1.6059977833761316,1.1152412948549453,-0.51,0.007920590374787519,1.951887440515139,0.51,1.2064757198793858,1.9506989230278808,0
0.52,3.552713678800501e-15,0.0018141599556017853,-1.897989361446759e-16,0.9999999999999994,-0.27027838748057037,-0.32496774352281416,0.12000000000000001,1.3910035438236668,1.3698620309132576,-0.195,0.3449777219375094,-0.335389823994594,-0.22285714285714286,-0.5791504738673353,0.6388686478294987,0.48000000000000004,1.09970444689576,-0.09105862521270022,0.52,1.627566581054848,1.1223339008975517,-0.52,-0.005369603043223295,1.976480583665179,0.52,1.2192362835337704,1.9751579525639102,0
0.53,3.552713678800501e-15,0.0018096621132905387,-4.58572336309419e-16,0.9999999999999992,-0.285322804594087,-0.3442714725567464,0.12230769230769233,1.4041900681808124,1.3802750027996644,-0.19875,0.3403887011858308,-0.35488531430785797,-0.22714285714285715,-0.5989779073788781,0.6357115593593783,0.4892307692307693,1.107878433462767,-0.10544840714860117,0.53,1.6445815859400785,1.127643306738412,-0.53,-0.014855427293493985,1.9967625590082179,0.53,1.2298074246477952,1.9954996894238894,0
0.54,1.7763568394002505e-15,0.0018175497639992713,-1.7512169614272388e-16,0.9999999999999998,-0.30557537697184317,-0.37084596351538796,0.12461538461538463,1.424126262322994,1.3931692497782024,-0.2025,0.3352575371610743,-0.38157113070788934,-0.23142857142857143,-0.6279713967402706,0.6329621398444963,0.4984615384615385,1.1211795361882273,-0.12822004507500812,0.54,1.6707245123332073,1.1367058214825598,-0.54,-0.03153963727857785,2.02516157104266,0.54,1.244771590016955,2.023925462193447,0
0.55,3.552713678800501e-15,0.0018120334552227872,-4.2523300795932517e-16,1.0000000000000004,-0.31877629385751644,-0.38814357244397607,0.12692307692307694,1.4354261723020412,1.4029362027920542,-0.20625000000000002,0.330725577377784,-0.39896307021894944,-0.2357142857142857,-0.6449327594316137,0.6296176189946661,0.5076923076923078,1.128131046744632,-0.14012767807776397,0.55,1.6852077137094303,1.1409789333991487,-0.55,-0.03886161109562365,2.04300813465015,0.55,1.2540531502233205,2.041980536024779,0
0.56,5.329070518200751e-15,0.0018123848813920765,-4.0989412480627636e-16,1,-0.3358491861282528,-0.41001693533615763,0.12923076923076926,1.4509035052528538,1.414209627633074,-0.21000000000000002,0.32573359566912413,-0.4210170885693731,-0.24000000000000002,-0.6681748373009957,0.6266638271801989,0.516923076923077,1.1379621574826282,-0.15753138741486947,0.56,1.7053613939759298,1.1475780807283156,-0.56,-0.05100405854605253,2.0662125512934937,0.56,1.2660907785339288,2.065188430028658,0
0.5700000000000001,2.6645352591003757e-15,0.0018144004751768944,-1.5787924099077925e-16,1.0000000000000002,-0.35383678780047645,-0.43284363404648524,0.13153846153846155,1.467273765546938,1.4257864819101482,-0.21375000000000002,0.3207818000912353,-0.4441063869879854,-0.2442857142857143,-0.6928187165669395,0.6239023829655731,0.5261538461538462,1.1482756928701803,-0.17614376142764374,0.5700000000000001,1.7267417310812598,1.1545887789715257,-0.5700000000000001,-0.06413200384851878,2.0906201802279427,0.5700000000000001,1.2787378271845462,2.0894830647780234,0
0.58,1.7763568394002505e-15,0.0018099654339684495,3.8298935110140987e-16,1.0000000000000004,-0.3682698430719524,-0.4515648697948886,0.13384615384615384,1.479925289968004,1.436002908091354,-0.21749999999999997,0.31592489166893817,-0.46292579638187886,-0.24857142857142855,-0.7117406041279362,0.6206177506348239,0.5353846153846153,1.1562210336996246,-0.18978904349823442,0.58,1.7430120926820805,1.1596486140656805,-0.58,-0.07298939865666901,2.110143495190757,0.58,1.2889397159572231,2.1091540489195597,0
0.59,3.552713678800501e-15,0.0018128018193393856,-7.385114524253761e-17,0.9999999999999997,-0.38620009288715806,-0.47440826745132125,0.13615384615384615,1.496299919450043,1.4475818725758718,-0.22125,0.31081620134640914,-0.4859923919751792,-0.25285714285714284,-0.7363476787024067,0.6178447153812817,0.5446153846153846,1.1665923476700681,-0.20839386058646078,0.59,1.7643998991451417,1.1666682181168935,-0.59,-0.0861101952538676,2.1345306644724444,0.59,1.3015727394185896,2.1334561573517243,0
0.6,1.7763568394002505e-15,0.0018166547059904389,1.4212646562411135e-16,0.9999999999999997,-0.40552439837012866,-0.49883717946153755,0.13846153846153847,1.5141458273791293,1.4596806815029453,-0.22499999999999998,0.305559976750362,-0.5106918954357845,-0.2571428571428571,-0.7631708464240774,0.6152111734013043,0.5538461538461539,1.1779555835588733,-0.22893488491402628,0.6,1.7877744305312866,1.1744980879754032,-0.6,-0.10091465866328712,2.160807603448117,0.6,1.3151971858500369,2.1595535218334714,0
0.61,1.7763568394002505e-15,0.0018148966025749505,2.0674210557467595e-16,0.9999999999999998,-0.4210774841904176,-0.518889450733633,0.14076923076923079,1.5279905222776418,1.4703397008459345,-0.22875,0.300638812178431,-0.5308843917790793,-0.2614285714285714,-0.783924304667232,0.6121054539532929,0.5630769230769231,1.1866686362331698,-0.2441764545143016,0.61,1.8056941185269824,1.1801768042334473,-0.61,-0.11113924487475002,2.1818986077682223,0.61,1.3261720149609766,2.1807168392542664,0
0.62,1.7763568394002505e-15,0.0018177471535919464,-1.9938033757654013e-16,0.9999999999999998,-0.43995101195968433,-0.5427142906090967,0.14307692307692307,1.5452764654321471,1.4822446455705454,-0.23249999999999998,0.29566961581095197,-0.5550161713069627,-0.2657142857142857,-0.8099730116343716,0.6094580916048915,0.5723076923076923,1.1975676693328046,-0.264006304886917,0.62,1.828321911214601,1.1876771683511067,-0.62,-0.12531927648949534,2.207503185260527,0.62,1.3394306726599203,2.206140785552094,0
0.63,3.552713678800501e-15,0.0018195889600785295,-3.8572679893480535e-16,0.9999999999999999,-0.4572843561580569,-0.5651238235534548,0.1453846153846154,1.561242768786218,1.4936565819104803,-0.23625000000000002,0.2906746495711802,-0.5775968708045408,-0.26999999999999996,-0.8337597059742803,0.6065442597540881,0.5815384615384616,1.207762660844698,-0.28200819735435495,0.63,1.8491481828357346,1.1944368536106929,-0.63,-0.13784643896636,2.231211853101352,0.63,1.351787951251424,2.2298487425098625,0
0.64,1.7763568394002505e-15,0.0018169081350448884,-3.7454921650453833e-16,1,-0.4729838956535012,-0.5852713826526956,0.1476923076923077,1.5752168163393419,1.504331994180588,-0.24,0.2857586057565653,-0.5978991292918387,-0.2742857142857143,-0.8546881090203811,0.6034020358797427,0.5907692307692308,1.2165738813486817,-0.2973967770731552,0.64,1.8672057005937328,1.2002167161270207,-0.64,-0.1482243113095732,2.252441787551495,0.64,1.3628768787262522,2.2511342681473763,0
0.65,3.552713678800501e-15,0.001816948999220511,-6.055073748964907e-17,0.9999999999999999,-0.4895005275910687,-0.6064540537446981,0.15000000000000002,1.5900528213953877,1.5153701065455654,-0.24375000000000002,0.28099102672893683,-0.6192936361445118,-0.2785714285714286,-0.8770063014583664,0.6004690285925993,0.6000000000000001,1.22586523224526,-0.3139925444891896,0.65,1.886516506367445,1.2063784617721385,-0.65,-0.1595883192566352,2.274860322628912,0.65,1.3744940135114734,2.2735448078344516,0
0.66,2.6645352591003757e-15,0.0018167024539185942,5.881688659260125e-17,0.9999999999999999,-0.5054645740334736,-0.6269722297612803,0.1523076923076923,1.6042902654114048,1.5261902734974646,-0.2475,0.27622053139381064,-0.6400004150939199,-0.28285714285714286,-0.898424666189685,0.5974840295029472,0.6092307692307692,1.234757813983944,-0.32979081078812095,0.66,1.9050073048993241,1.212226529872969,-0.66,-0.17027385614057178,2.2965169276049795,0.66,1.3857116060126133,2.295228188653135,0
0.67,8.881784197001252e-15,0.0018177202564750093,-5.710114199532071e-16,0.9999999999999988,-0.5218927757669873,-0.6481873940765367,0.15461538461538463,1.61917399185269,1.5372281135048051,-0.25125000000000003,0.2709525561952981,-0.6613227027745928,-0.28714285714285714,-0.9206848575985336,0.5944850081131459,0.6184615384615385,1.244249712917112,-0.34638943125135246,0.67,1.9243501636023552,1.2184725958941227,-0.67,-0.18166753010841308,2.3189147193688475,0.67,1.397343137488303,2.3176815849183603,0
0.68,3.552713678800501e-15,0.0018149534287977425,-5.55032645116512e-16,1.0000000000000002,-0.5380796362759411,-0.6687533151325091,0.15692307692307694,1.6335184626179309,1.5480617582727987,-0.255,0.26641044977497313,-0.6821504728835096,-0.2914285714285714,-0.9423110955341678,0.5914708082154205,0.6276923076923078,1.2531474564046705,-0.3623261638891886,0.68,1.9429453681474387,1.2244039686378088,-0.68,-0.19249903569368224,2.3407212714696755,0.68,1.4086924042360756,2.339454639549891,0
0.6900000000000001,2.6645352591003757e-15,0.0018141440132584841,-3.2367565733898097e-16,1,-0.5543684745723324,-0.6897264627495201,0.15923076923076926,1.6482180082942566,1.5590209565622406,-0.25875000000000004,0.26118054440884514,-0.7032389806006706,-0.2957142857142857,-0.9642860190187805,0.5884017703510382,0.636923076923077,1.262523478343743,-0.3786681230907309,0.6900000000000001,1.9620090959525864,1.2305775824883654,-0.6900000000000001,-0.2036873000651933,2.3628645847164336,0.6900000000000001,1.4202350154475156,2.361651167055068,0
0.7000000000000001,1.7763568394002505e-15,0.001813983061142389,0,1.0000000000000002,-0.5706365036022099,-0.710604330080656,0.16153846153846158,1.6627975420098748,1.5699568598735554,-0.2625,0.2562990813264358,-0.724300339921059,-0.3,-0.9861932679876018,0.5854243214341852,0.6461538461538463,1.2716788629151417,-0.3949041225065086,0.7000000000000001,1.9809514447148262,1.236627967081335,-0.7000000000000001,-0.21475926034873055,2.384940290900658,0.7000000000000001,1.431686425714641,2.3837418488230258,0
0.71,1.7763568394002505e-15,0.0018156930139675413,2.0344656228193317e-16,1.0000000000000004,-0.5890750044118475,-0.7338850214331019,0.16384615384615384,1.6795931385769005,1.581681293918637,-0.26625,0.2514450023479092,-0.7478902459130713,-0.30428571428571427,-1.011516369905874,0.5827244412451201,0.6553846153846153,1.2822279863138766,-0.4140880958150345,0.71,2.0029078164326597,1.2438629873948004,-0.71,-0.22838547348112248,2.409918910815422,0.71,1.4446272028904037,2.4085582259133647,0
0.72,4.440892098500626e-15,0.001815727572281858,-2.968924200921146e-16,0.9999999999999998,-0.6054811221514014,-0.7550569952003416,0.16615384615384615,1.6944626564328442,1.5927038129706024,-0.27,0.24609921739212937,-0.7691564389537484,-0.30857142857142855,-1.0337225928936646,0.5796741285810726,0.6646153846153846,1.2917502565297725,-0.4306485764860158,0.72,2.0222079051288224,1.2501285864868463,-0.72,-0.23975960524038115,2.432268311421104,0.72,1.4562675615161025,2.4309696676836525,0
0.73,4.440892098500626e-15,0.00181387044589357,-1.9290517321257085e-16,1.0000000000000004,-0.6211572983900014,-0.7751085253453286,0.16846153846153847,1.7083096219997407,1.6033647500286323,-0.27375,0.24153393716487956,-0.7894316297258792,-0.31285714285714283,-1.0545828791636287,0.576629308792041,0.6738461538461539,1.300331844949127,-0.44592948133118754,0.73,2.0401424457673842,1.2557775269606795,-0.73,-0.25001353675089905,2.453431533739872,0.73,1.4672601209402154,2.452149013749561,0
0.74,8.881784197001252e-16,0.0018149935898060983,0,1.0000000000000007,-0.6389020060635106,-0.797743564065404,0.17076923076923078,1.7245221037236413,1.614872085232994,-0.27749999999999997,0.23628158934856888,-0.8122542456826765,-0.3171428571428571,-1.0788863629081156,0.5737679948386182,0.6830769230769231,1.3106672628709026,-0.4642895858103302,0.74,2.0612788759622602,1.262748421302159,-0.74,-0.2629403489994779,2.4775604645975937,0.74,1.4798031202033652,2.4762209271558446,0
0.75,4.440892098500626e-15,0.0018154000709588985,-1.8238775595018797e-16,1.0000000000000002,-0.6559759561231522,-0.8195754012790674,0.17307692307692307,1.739995509518819,1.6261148669647476,-0.28125,0.23117956562541672,-0.8342685721943167,-0.3214285714285714,-1.1020956190313187,0.570841223098445,0.6923076923076923,1.3204789289150713,-0.4816813718647765,0.75,2.081414177330521,1.2693113078759282,-0.75,-0.27502805229987354,2.5007510552601753,0.75,1.4918556589545278,2.4993893904962166,0
0.76,3.552713678800501e-15,0.0018126469559284369,-8.901645113951155e-17,1.0000000000000004,-0.6713017897798459,-0.8392267032428165,0.1753846153846154,1.7534924222678174,1.636644738056648,-0.28500000000000003,0.22654623186080478,-0.85411352632653,-0.3257142857142857,-1.1223913663186302,0.5677140454434919,0.7015384615384616,1.3288718680526495,-0.496482317029848,0.76,2.098855377695239,1.2747937520206645,-0.76,-0.284875630469611,2.521432784325088,0.76,1.5026270818440353,2.5201197255119054,0
0.77,1.7763568394002505e-15,0.0018125607241201156,-8.662151622594918e-16,1,-0.6889629136349279,-0.861515883802398,0.1776923076923077,1.769390334906559,1.6480489737941582,-0.28875,0.2219483337390429,-0.8767274312084432,-0.33,-1.1464053813778194,0.5649245942398518,0.7107692307692308,1.3387629924124895,-0.5144949374293157,0.77,2.1195897138841775,1.2815371500414094,-0.77,-0.29748980291009663,2.5452801067127404,0.77,1.5149906915099305,2.543829926903542,0
0.78,5.329070518200751e-15,0.0018176705920558425,-4.2006867485112063e-16,0.9999999999999998,-0.7088402019258481,-0.8868275772046651,0.18000000000000002,1.7880290232532159,1.660425680153355,-0.2925,0.21608269865869162,-0.9022037295603996,-0.3342857142857143,-1.174270984158107,0.562305922263236,0.7200000000000001,1.3508529879239137,-0.5360289297978315,0.78,2.1440292518190707,1.289837545861698,-0.78,-0.3131614447034088,2.572480408445472,0.78,1.5291026151932725,2.570893179331859,0
0.79,6.217248937900877e-15,0.0018179000584691313,-2.4568075313406553e-16,0.9999999999999997,-0.725734208248203,-0.9084083014615856,0.18230769230769234,1.8032603307543074,1.6715915901568383,-0.29625,0.21116494442411837,-0.923995456464867,-0.3385714285714286,-1.1971684533785234,0.55939759639452,0.7292307692307693,1.3604361584892928,-0.5531257073332473,0.79,2.1638534383410644,1.2962429965719333,-0.79,-0.3249814627138134,2.5953991292455405,0.79,1.5409931801507337,2.5937806527899685,0
0.8,1.7763568394002505e-15,0.001817793900777281,3.193945081684993e-16,0.9999999999999997,-0.7426534090670104,-0.930029117844901,0.18461538461538463,1.8185486105434157,1.6827644999723996,-0.30000000000000004,0.20612155425423423,-0.9458049730953639,-0.34285714285714286,-1.220106670386283,0.5564486333340143,0.7384615384615385,1.3701102517741073,-0.5702737207020414,0.8,2.183732317641889,1.30270642598369,-0.8,-0.3368597448213243,2.6183546012281993,0.8,1.5529310002086376,2.6167161512684474,0
0.81,2.6645352591003757e-15,0.0018107904917193424,-7.847959127233848e-16,1.0000000000000002,-0.754210276985486,-0.9452903523032437,0.18692307692307694,1.8280378133025337,1.6918510182636386,-0.30375,0.20183528948919457,-0.9611334774146125,-0.34714285714285714,-1.2343246136742538,0.5528419151218846,0.7476923076923078,1.3758467862364905,-0.5797658771524067,0.81,2.195706007857726,1.306037698793252,-0.81,-0.34212152792463596,2.6338413942875047,0.81,1.5610544204596173,2.6325001809473343,0
0.8200000000000001,1.7763568394002505e-15,0.0018125031163015927,-1.5299196662098061e-16,1,-0.7717030841747609,-0.9676340998438072,0.18923076923076926,1.8439471059686603,1.7032682009318434,-0.3075,0.19678227430281547,-0.9836874032572394,-0.3514285714285714,-1.2582348825617846,0.5500261186787864,0.756923076923077,1.3859012243136057,-0.5977607961079127,0.8200000000000001,2.216467245601357,1.3127999956229632,-0.8200000000000001,-0.3547104031536314,2.657634042202103,0.8200000000000001,1.573374400878856,2.6562364429306164,0
0.8300000000000001,8.881784197001252e-16,0.00181260850729076,0,1,-0.7891191264112674,-0.9897636202894076,0.19153846153846157,1.8597027055750939,1.7146128330671058,-0.31125,0.19186150782266845,-1.0060594068899629,-0.3557142857142857,-1.2819306405219946,0.5471569527387372,0.7661538461538463,1.39582506604175,-0.6155455852713658,0.8300000000000001,2.236989413431706,1.319500966027393,-0.8300000000000001,-0.36713642777787664,2.6812269682828096,0.8300000000000001,1.5856313659927475,2.679753393950523,0
0.84,1.7763568394002505e-15,0.0018147158218786068,2.1812802963328772e-16,1.0000000000000007,-0.807102896743305,-1.012749397484427,0.19384615384615386,1.8762142688055377,1.7262344089109947,-0.315,0.18650211851044154,-1.029217904423756,-0.36,-1.3066707890237776,0.5443449177423897,0.7753846153846154,1.4063820946994436,-0.6343015352086538,0.84,2.2585466095806725,1.3266250158809412,-0.84,-0.380398176530722,2.7057385121037023,0.84,1.598350617791783,2.7042084844114607,0
0.85,3.552713678800501e-15,0.0018141540471719665,-4.972082607283786e-16,1.0000000000000002,-0.8237436034408016,-1.0339449969430494,0.19615384615384615,1.8911029058250246,1.7372756841087298,-0.31875,0.1818016785265716,-1.0506596528993242,-0.36428571428571427,-1.3291011021933417,0.5414177246372082,0.7846153846153846,1.4156704276973782,-0.6509610075784562,0.85,2.277904398978766,1.3328350975770131,-0.85,-0.39184072817170174,2.7282458504849005,0.85,1.6100298541462226,2.7266738028193784,0
0.86,1.7763568394002505e-15,0.0018166184512377495,-6.912466973667767e-17,0.9999999999999998,-0.843410968326964,-1.0587277488514217,0.19846153846153847,1.9093020071925768,1.7494804798773367,-0.3225,0.17649628265077674,-1.075725060112518,-0.36857142857142855,-1.3564379303377816,0.5387858370998033,0.7938461538461539,1.4272864797436868,-0.6719497275008335,0.86,2.30173176631904,1.3408807233736852,-0.86,-0.40705087795742806,2.754956826592467,0.86,1.6239070537834244,2.753181172550689,0
0.87,8.881784197001252e-16,0.0018180914499044197,6.743581160591647e-17,1,-0.8614447189991605,-1.081682601628802,0.20076923076923078,1.9257949313184632,1.7610941396755437,-0.32625,0.1713148271609983,-1.0988960190190102,-0.37285714285714283,-1.381198806743082,0.5359903382622017,0.8030769230769231,1.4377674712531785,-0.6906965600431387,0.87,2.3232632913890376,1.34798487056564,-0.87,-0.4203035055031305,2.779475157472242,0.87,1.6366303071834107,2.777613178156829,0
0.88,4.440892098500626e-15,0.0018199643802525656,-1.3166502173468665e-16,1.0000000000000002,-0.8790844412519252,-1.1043546573805143,0.2030769230769231,1.9419862476127983,1.7726426652165452,-0.33,0.1662893583796845,-1.1217549373482176,-0.3771428571428571,-1.4054515915683636,0.5331667275197214,0.8123076923076924,1.4480785965983334,-0.7090217296682965,0.88,2.3444182951053727,1.3549199638608127,-0.88,-0.433185463694763,2.8035840467694353,0.88,1.6491158915524906,2.80170064674147,0
0.89,2.6645352591003757e-15,0.0018165459119644427,5.815481252313598e-16,1.0000000000000002,-0.8928469446458684,-1.122307518506378,0.2053846153846154,1.9539268577218185,1.782609550478999,-0.33375,0.1615173652481424,-1.1397864002819882,-0.3814285714285714,-1.423307672028356,0.5298140320636101,0.8215384615384616,1.4555411329110084,-0.721732763455648,0.89,2.3597299537534226,1.359588029330803,-0.89,-0.44123409332519253,2.8221952454936297,0.89,1.658840281753121,2.820502551284934,0
0.9,7.105427357601002e-15,0.0018169905759148012,-6.310917820025134e-17,0.9999999999999993,-0.9106972538446122,-1.144939256096894,0.2076923076923077,1.9701510033573162,1.794113004632773,-0.3375,0.1565210487270139,-1.1626686220639588,-0.3857142857142857,-1.4476967411692299,0.5269831412838012,0.8307692307692308,1.465792552253931,-0.7401271272837657,0.9,2.380879172853658,1.3665523959129455,-0.9,-0.4541943022183869,2.8463812301947375,0.9,1.6714110670064226,2.844587959986009,0
0.91,1.7763568394002505e-15,0.0018167635186887821,-6.174152196824356e-17,1.0000000000000002,-0.9274004420905508,-1.1662691932916638,0.21000000000000002,1.9851566199681936,1.805198612155852,-0.34125,0.15167847295846923,-1.184216206158863,-0.39,-1.470268062272814,0.5240514153074151,0.8400000000000001,1.475207327896982,-0.7569301559459218,0.91,2.4003956040604013,1.3728347482957846,-0.91,-0.4657613747300973,2.8690168451116467,0.91,1.6831583882672163,2.867196661326825,0
0.92,1.7763568394002505e-15,0.0018165988040584576,6.040498676277071e-17,0.9999999999999997,-0.9442818794469533,-1.1877946454925938,0.21230769230769234,2.000346766268413,1.8163466959739887,-0.34500000000000003,0.14682318761228286,-1.2059670165506855,-0.3942857142857143,-1.4931171493613198,0.5211348405927243,0.8492307692307693,1.4847454496537966,-0.7739745057277154,0.92,2.42015837343145,1.3792206993372502,-0.92,-0.47754054061229445,2.8918884190166176,0.92,1.695031913523153,2.8900282396975627,0
0.93,1.7763568394002505e-15,0.00181644751958684,-5.913490219320464e-17,0.9999999999999999,-0.9607803747420288,-1.208965850066957,0.21461538461538465,2.0152131966663416,1.827372611243837,-0.34875,0.14176770398865607,-1.2272995231358987,-0.3985714285714286,-1.5154058322671011,0.518140516314245,0.8584615384615386,1.494154882041334,-0.7905636326821959,0.93,2.4394688887652483,1.3854545538456138,-0.93,-0.48893237803674783,2.914293563671219,0.93,1.7066799984865406,2.912450487830645,0
0.9400000000000001,6.217248937900877e-15,0.001816946703743497,2.314190887177397e-16,1,-0.977993530751002,-1.2309621068236745,0.21692307692307694,2.030824489097881,1.8386677036937913,-0.35250000000000004,0.13673983802202588,-1.2494965792331265,-0.40285714285714286,-1.5388403839128555,0.515242258667749,0.8676923076923078,1.504033356419679,-0.8081499576554957,0.9400000000000001,2.459801871732299,1.3920760630681184,-0.9400000000000001,-0.5011788003644454,2.9376716240193383,0.9400000000000001,1.7188207217364373,2.9357922254525115,0
0.9500000000000001,2.6645352591003757e-15,0.0018171685355432212,3.398340878118715e-16,0.9999999999999997,-0.9948591574566151,-1.2525579561169446,0.21923076923076926,2.0460751695621835,1.8498351637557102,-0.35625,0.13167235464468335,-1.2712702835337248,-0.40714285714285714,-1.5617201826531395,0.512301160674341,0.876923076923077,1.5136883993741583,-0.8252526748449192,0.9500000000000001,2.4796406657087777,1.3985117334059125,-0.9500000000000001,-0.5130114983692864,2.9605815399507636,0.9500000000000001,1.7307217967886763,2.958692548543167,0
0.96,7.993605777301127e-15,0.0018168239577823389,4.4388280470871756e-16,1,-1.0113888609164954,-1.2737146410054154,0.22153846153846155,2.060929650360264,1.860858964208612,-0.36,0.12673960737186393,-1.2926168412453711,-0.41142857142857137,-1.5840272946194465,0.5093250833198515,0.8861538461538462,1.5230443863308003,-0.841839447474556,0.96,2.4989396084051814,1.4047283348294748,-0.96,-0.5243988427436833,2.9829954682032,0.96,1.7423688289822923,2.981104311826075,0
0.97,1.7763568394002505e-15,0.001816542067876572,-2.174271085324785e-16,1,-1.0281169493155824,-1.2950344386305244,0.22384615384615386,2.075924410724533,1.871943105159241,-0.36375,0.12200529617429524,-1.3141786418148693,-0.4157142857142857,-1.6066149132500502,0.5064132529719004,0.8953846153846154,1.5324109658954048,-0.8586407540709026,0.97,2.5184472933369864,1.4109934236445403,-0.97,-0.5359613983002994,3.005639634181059,0.97,1.7541123646257515,3.003705651568555,0
0.98,4.440892098500626e-15,0.0018160370270368777,0,1.0000000000000007,-1.0444187120812605,-1.315895541128203,0.22615384615384615,2.0904849707442676,1.8828842527238279,-0.3675,0.11727620856972686,-1.3352581446388025,-0.42,-1.6285443490272944,0.50345937174685,0.9046153846153846,1.5414971619093518,-0.874873905890958,0.98,2.537376303273005,1.417017253985216,-0.98,-0.5470238481935469,3.02772526940797,0.98,1.7655593220020245,3.0257826770789698,0
0.99,2.6645352591003757e-15,0.0018152735241328594,0,0.9999999999999998,-1.0597566144159472,-1.3365341858714614,0.22846153846153847,2.104606074763026,1.8938638098629266,-0.37124999999999997,0.11247326611763826,-1.3558045970072117,-0.42428571428571427,-1.6495353498138705,0.4999719900649312,0.9138461538461539,1.5509173581879394,-0.8903587570817761,0.99,2.555726836154956,1.4232160309931638,-0.99,-0.5578340929187433,3.0489900155600638,0.99,1.7765246251352644,3.0474969266114647,0
1,1.7763568394002505e-15,0.0018171722177000795,-1.0231929725182003e-16,0.9999999999999998,-1.0778016846475604,-1.3595555502765055,0.23076923076923078,2.121114073528463,1.9055163875535241,-0.375,0.10735876511296792,-1.379048059391562,-0.42857142857142855,-1.6743631874070268,0.4972337773377907,0.9230769230769231,1.561374189640072,-0.909157972208243,1,2.5773208576121562,1.4302955454560038,-1,-0.5711120141698839,3.0735679962348756,1,1.7892310895417183,3.0719891086254285,0
1.01,1.7763568394002505e-15,0.0018171953392804965,-5.01041466116277e-16,1,-1.0955081160501183,-1.3820084632843135,0.2330769230769231,2.137192273909719,1.9169529967705834,-0.37875000000000003,0.10233240545726363,-1.4017377218852718,-0.43285714285714283,-1.6985067767446427,0.49434928549643425,0.9323076923076924,1.5715578368745278,-0.9273409466007883,1.01,2.5982500277828926,1.437206673574932,-1.01,-0.5839095226010161,3.0975410332824036,1.01,1.8017139470290586,3.095878376709272,0
1.02,1.7763568394002505e-15,0.001817058094162014,-9.831082598246992e-17,1,-1.1117829914142212,-1.4029319340004192,0.23538461538461541,2.15180615716518,1.9279093013370348,-0.3825,0.09738213787516978,-1.4228277684723547,-0.4371428571428571,-1.7204514991665016,0.4913611632239303,0.9415384615384617,1.5807655607990359,-0.9436193452387904,1.02,2.617241943593825,1.4432840941111047,-1.02,-0.595021870634869,3.119650648165831,1.02,1.8131826256763006,3.118015074938074,0
1.03,1.900701818158268e-13,0.0017751525891351039,-1.4086599645146406e-13,1.000000000000065,-1.1311388952115164,-1.4279268765978441,0.2376923076923077,2.1704488444049175,1.9414226992409362,-0.38625,0.09152026793989322,-1.4479017780037062,-0.4414285714285714,-1.7477550480795447,0.4872384151760783,0.9507692307692308,1.5938033782045244,-0.9650606832297953,1.03,2.641854450381509,1.451961442592864,-1.03,-0.610238109374104,3.1464069185745025,1.03,1.8280669147117152,3.1447010962841615,0
1.04,1.7763568394002505e-15,0.0018172457199921836,1.8901226661232455e-16,0.9999999999999998,-1.1453429399754815,-1.4468186301913277,0.24000000000000002,2.183061404725752,1.9505905976127853,-0.39,0.08814368613729504,-1.4669939351525776,-0.44571428571428573,-1.7665067404973158,0.4852582341361072,0.9600000000000001,1.6009497495322849,-0.978331381541152,1.04,2.6578906466099452,1.4566516445867013,-1.04,-0.6190983365302427,3.1659559303588614,1.04,1.8374600787908635,3.16452926867116,0
1.05,5.329070518200751e-15,0.001815869425951654,-3.7125369561016315e-16,0.9999999999999997,-1.161323872933215,-1.4671532976475559,0.24230769230769234,2.1971324251236273,1.9613731192536845,-0.39375000000000004,0.08388223419797287,-1.487627132306194,-0.45,-1.7878269542099314,0.4823156667251284,0.9692307692307693,1.6095584834877572,-0.9939680435404264,1.05,2.676176901478086,1.4623767227801916,-1.05,-0.6296408223187082,3.187495848049642,1.05,1.8485991433345053,3.1860288452965198,0
1.06,8.881784197001252e-16,0.0018176449765603087,2.7301214024251693e-16,1.0000000000000004,-1.1786311932671532,-1.4895277822582185,0.24461538461538465,2.213073527447542,1.9727855935497625,-0.3975,0.078187055091193,-1.5100598656963,-0.4542857142857143,-1.8115876591075062,0.4793677619844923,0.9784615384615386,1.6198902872291054,-1.0119255886704517,1.06,2.696942252815725,1.469236873127877,-1.06,-0.6422302248105438,3.2111905143104744,1.06,1.8609134805788514,3.209774223110854,0
1.07,3.552713678800501e-15,0.0018175091706017354,-4.46282360362101e-16,1.0000000000000002,-1.1960864575507315,-1.5116797917839448,0.24692307692307694,2.2288618742732487,1.9841304556555432,-0.40125,0.0732743730045884,-1.5324560933745581,-0.4585714285714286,-1.8353259123156196,0.4764750494132419,0.9876923076923078,1.629848145509909,-1.0297422116660533,1.07,2.7174920250607224,1.4759781276507913,-1.07,-0.6547057647663963,3.2348135766040818,1.07,1.8731992307306182,3.233322617326999,0
1.08,2.6645352591003757e-15,0.0018139512374603292,2.637519918243713e-16,0.9999999999999998,-1.2097672690779664,-1.5293107923214984,0.24923076923076926,2.240479082903789,1.9940194716519164,-0.405,0.06922562977694444,-1.55031171779585,-0.46285714285714286,-1.8529177529986762,0.47322487147947134,0.996923076923077,1.636833304084644,-1.0421208128752588,1.08,2.7324190575901133,1.4803946188085217,-1.08,-0.6624408461620541,3.253164569903914,1.08,1.8827262993416536,3.251781521385951,0
1.09,7.105427357601002e-15,0.001816374705638095,0,1.0000000000000002,-1.2271165414150393,-1.5518520105987204,0.25153846153846154,2.2565509288922923,2.005488286787262,-0.40875000000000006,0.06331751428726075,-1.572863639607035,-0.46714285714285714,-1.8768265943403883,0.4702831125908577,1.0061538461538462,1.6473203875250904,-1.0602405514564848,1.09,2.753372441274863,1.4873280913751192,-1.09,-0.6751633392063704,3.277001093242327,1.09,1.8951026962593287,3.2756973472938125,0
1.1,2.6645352591003757e-15,0.0018103624147480012,2.55526650403296e-16,1,-1.2384252486164997,-1.5667225052898817,0.2538461538461539,2.2656999564568725,2.014446130857953,-0.41250000000000003,0.059235332116391856,-1.5878336811820262,-0.4714285714285714,-1.8905724546996903,0.4666340120438161,1.0153846153846156,1.6527789677526816,-1.0692917624322782,1.1,2.764872465355591,1.490482360041103,-1.1,-0.680056161022653,3.2920707828796396,1.1,1.9030235044522172,3.291056392555834,0
1.11,4.440892098500626e-15,0.0018114365145639713,2.5066187874547127e-16,1,-1.256252816364591,-1.5894315098156016,0.2561538461538462,2.28195645539553,2.0259838201278537,-0.41625,0.054152658255462977,-1.6107633004379196,-0.47571428571428576,-1.9150027310684694,0.46382215780211994,1.0246153846153847,1.663082530885837,-1.0877366529590753,1.11,2.7860913533224263,1.4974572731281137,-1.11,-0.6930561815382802,3.3162994408625055,1.11,1.9155846912907595,3.3152104992630993,0
1.12,3.552713678800501e-15,0.0018126571923027179,1.6394553702866399e-16,1.0000000000000002,-1.2741380457934914,-1.6122210937721073,0.2584615384615385,2.298279190162792,2.037550625454759,-0.42000000000000004,0.04906091277896991,-1.6337740768334947,-0.48000000000000004,-1.9395367173400435,0.4610285412839723,1.033846153846154,1.67342680595481,-1.1062739401882986,1.12,2.8074078441502834,1.504460360232402,-1.12,-0.7061291607587673,3.3406190548753463,1.12,1.9281849495102148,3.339452256331256,0
1.1300000000000001,3.552713678800501e-15,0.001810706959493372,4.840468679970718e-16,1.0000000000000004,-1.2891619478919731,-1.6315791813817762,0.2607692307692308,2.311505742113692,2.0479813416834647,-0.42375000000000007,0.044314993499253434,-1.6532821496562409,-0.4842857142857143,-1.9593806277009962,0.4578342609819648,1.0430769230769232,1.6817010177044822,-1.1206995911819486,1.1300000000000001,2.8244717396272225,1.5098209462539773,-1.1300000000000001,-0.715665501137539,3.3609200821902405,1.1300000000000001,1.9387701823559378,3.359846018731193,0
1.1400000000000001,8.881784197001252e-16,0.0018101818951033243,0,1,-1.3053084529864236,-1.6523049424721454,0.2630769230769231,2.3259570440016235,2.0588672668540866,-0.42750000000000005,0.039419496106535216,-1.6741813606374445,-0.4885714285714286,-1.9810808884806086,0.4548074372633034,1.0523076923076924,1.6907954651668486,-1.1367556503570593,1.1400000000000001,2.84322554218349,1.515825414091993,-1.1400000000000001,-0.7265990250900297,3.382814292853216,1.1400000000000001,1.9501456504037373,3.381769269958977,0
1.1500000000000001,1.7763568394002505e-15,0.0018148402138503268,-1.5517755034101622e-16,1.0000000000000002,-1.3264980400717667,-1.6790850250750156,0.26538461538461544,2.345905951614749,2.0717414371987806,-0.43125,0.03374434812301275,-1.701228385873283,-0.4928571428571429,-2.0110387992052483,0.4524203482515962,1.0615384615384618,1.7036415896694932,-1.1600716662353872,1.1500000000000001,2.8694894195942173,1.52479052878097,-1.1500000000000001,-0.7438035955951191,3.4117861617996943,1.1500000000000001,1.965113944288976,3.4104883278791136,0
1.16,5.329070518200751e-15,0.0018100255384962964,-2.2980205919490373e-16,0.9999999999999997,-1.3388573013192235,-1.6952027240741532,0.2676923076923077,2.3561934866265237,2.0811096403620395,-0.43499999999999994,0.029502844933500385,-1.717467269537775,-0.4971428571428571,-2.026493267219799,0.4488948861296961,1.0707692307692307,1.709878635722037,-1.1706244347019128,1.16,2.882539886590111,1.5285625546798074,-1.16,-0.7499947224056365,3.4283191145001,1.16,1.9737850101777816,3.427249958799363,0
1.17,1.7763568394002505e-15,0.0018121127749853537,3.006500215374958e-16,1,-1.3573903008288977,-1.7187863218336747,0.27,2.373222912082823,2.0929403623416367,-0.43875,0.024336835195733934,-1.7412871503284133,-0.5014285714285713,-2.0521031698407532,0.44620688462214175,1.08,1.7206898816075706,-1.190105307731136,1.17,2.904835540159416,1.5359323464990693,-1.17,-0.7638745202421175,3.4535625677555584,1.17,1.9868373818606844,3.4523783448911005,0
1.18,1.7763568394002505e-15,0.0018141648238677577,-7.375343253700282e-17,1.0000000000000002,-1.3760862798822995,-1.7425422952482605,0.2723076923076923,2.3904245735018335,2.1048199996264865,-0.4425,0.019136841346286924,-1.7652824598274328,-0.5057142857142857,-2.077958902639628,0.44351858657179016,1.0892307692307692,1.731628463518281,-1.2098018730521476,1.18,2.927350141984356,1.543409021745393,-1.18,-0.7779515759920834,3.4790146074727444,1.18,2.0000112876958096,3.4777061384785055,0
1.19,2.6645352591003757e-15,0.0018160011746840893,-2.8946639160243875e-16,0.9999999999999994,-1.3950382221496007,-1.7665744701204638,0.2746153846153846,2.407893743508336,2.1167902573833346,-0.44625,0.013892052553063056,-1.789560826687665,-0.5099999999999999,-2.1042081688222622,0.4408346077042429,1.0984615384615384,1.7427598729421745,-1.2298436125426813,1.19,2.9502157095028476,1.5510450775251394,-1.19,-0.7923351394304305,3.5048001039598162,1.19,2.013374692228239,3.5033505881653237,0
1.2,2.6645352591003757e-15,0.0018126035736100588,-2.856410856178948e-16,1.0000000000000007,-1.4083001147139678,-1.7838486418547095,0.27692307692307694,2.419219610473108,2.126538257346036,-0.44999999999999996,0.009382240832376985,-1.8069424850288085,-0.5142857142857142,-2.1211913120202763,0.437422923942807,1.1076923076923078,1.7497478647125517,-1.2417596315139168,1.2,2.9646895140082012,1.555379538409608,-1.2,-0.7997026035490714,3.5226515928876063,1.2,2.022709333126344,3.521400171102067,0
1.21,1.7763568394002505e-15,0.0018158275816230324,2.7991748168218827e-16,1,-1.4289217964285348,-1.8098008384260673,0.2792307692307692,2.438425881606303,2.139146798726675,-0.45375,0.0041226826405762656,-1.8332240667742212,-0.5185714285714286,-2.150123765873759,0.4349897879411642,1.116923076923077,1.761974239792871,-1.264126238866879,1.21,2.989945071920038,1.563923072745942,-1.21,-0.816083104947623,3.550725735016216,1.21,2.0372153136850906,3.549207474863731,0
1.22,2.6645352591003757e-15,0.0018161028751705354,-4.814821406348893e-16,1.0000000000000004,-1.4466076914453811,-1.832246174379349,0.28153846153846157,2.454461570843649,2.150596996043199,-0.4575,-0.0007859747383080664,-1.8559237781010136,-0.5228571428571428,-2.174256533489873,0.4321536490873369,1.1261538461538463,1.7720798583075366,-1.2822860842538757,1.22,3.0108524390659843,1.5707795957131567,-1.22,-0.8288422640869293,3.5746881305230103,1.22,2.049653109098386,3.573079389883805,0
1.23,1.7763568394002505e-15,0.0018170147829882684,1.3511267438964188e-16,0.9999999999999996,-1.4651777377887403,-1.855847551235796,0.28384615384615386,2.4715914337915987,2.162406158401831,-0.46125,-0.006283622893478854,-1.8797054737137326,-0.5271428571428571,-2.1998795719093382,0.42931300722203214,1.1353846153846154,1.7831117713646978,-1.301816869389571,1.23,3.033194278056099,1.5783018719494097,-1.23,-0.8428203907103428,3.599942926426478,1.23,2.0628179316394992,3.598247814238669,0
1.24,1.7763568394002505e-15,0.0018179449698086075,-3.9890149927824977e-16,1,-1.4816977356637946,-1.8771881365733198,0.28615384615384615,2.4865414351181805,2.173506867645937,-0.46499999999999997,-0.011392757726819552,-1.9011824794636762,-0.5314285714285714,-2.2223151099759626,0.42639105521975434,1.1446153846153846,1.7925799869489087,-1.3185480112517796,1.24,3.0526753542199456,1.5845440316525823,-1.24,-0.854307807395469,3.622487226004136,1.24,2.0744707181258493,3.620831329852125,0
1.25,2.6645352591003757e-15,0.0018176386074618765,-1.3088834497148977e-16,1,-1.4981937673578363,-1.8983142346150201,0.2884615384615385,2.5013618765846237,2.1845228865079056,-0.46875,-0.016314650716658188,-1.922495046662456,-0.5357142857142857,-2.2445745024565373,0.423404541657353,1.153846153846154,1.8019193316473676,-1.3350908070369227,1.25,3.0719295122347448,1.590749665831892,-1.25,-0.8656659487826507,3.644857662617206,1.25,2.0860918776440553,3.643207214271832,0
1.26,1.7763568394002505e-15,0.0018167509973710779,6.439772000849664e-17,0.9999999999999998,-1.515330616553003,-1.9200085857365068,0.2907692307692308,2.516754946017491,2.1957161590987613,-0.47250000000000003,-0.021080886851345553,-1.9444528224555737,-0.5399999999999999,-2.267738728279757,0.4204571265770563,1.1630769230769231,1.8115795812462674,-1.3523861738168574,1.26,3.091926897279228,1.5972839127459286,-1.26,-0.8776996134280657,3.667978910473767,1.26,2.0981387451728497,3.666254112839132,0
1.27,2.6645352591003757e-15,0.0018167372239964636,1.9014056469654998e-16,1.0000000000000002,-1.5322870579211296,-1.9416746435456897,0.2930769230769231,2.532076398779836,2.206906166223275,-0.47625,-0.026091601943034653,-1.9663119148691086,-0.5442857142857143,-2.290739790339416,0.4175124524509841,1.1723076923076925,1.8212713103852272,-1.3695825830697836,1.27,3.1118548290608237,1.603769442966539,-1.27,-0.8896283484270201,3.6909840802195624,1.27,2.1100942917711993,3.6892396386380906,0
1.28,1.7763568394002505e-15,0.0018167437057769885,0,0.9999999999999998,-1.5492121161226615,-1.963293681055794,0.2953846153846154,2.5473467075448326,2.218084635912414,-0.48,-0.03103499340153566,-1.9881356076411398,-0.5485714285714286,-2.3136865606871204,0.4145826742072585,1.1815384615384616,1.8309024156759657,-1.386723214270862,1.28,3.1317234058392125,1.6102150165359668,-1.28,-0.9015023236350432,3.7139411611908435,1.28,2.1220134880055337,3.7121716528422692,0
1.29,1.7763568394002505e-15,0.001817180041974432,2.456091930988353e-16,0.9999999999999998,-1.5664482429691118,-1.9853131314289265,0.2976923076923077,2.5629717538156016,2.2293968620108835,-0.48375,-0.0360593466722666,-2.0103570950254372,-0.5528571428571428,-2.337161898073068,0.4116990646111237,1.1907692307692308,1.8407838860984194,-1.4043341595551826,1.29,3.152082948678796,1.616848151723669,-1.29,-0.9137777674228931,3.737354853398626,1.29,2.1341575305660556,3.7355485270112987,0
1.3,3.4638958368304884e-13,0.0018171647651019371,5.387022408307578e-14,1.000000000000005,-1.5832968701033143,-2.006855324282369,0.30000000000000004,2.578171090988953,2.2405498895804565,-0.48750000000000004,-0.041024305331493406,-2.0320951262032296,-0.5571428571428572,-2.3599933145078524,0.40875688729586457,1.2000000000000002,1.8503780290287943,-1.4213782325712179,1.3,3.171854239354433,1.6232576593112746,-1.3,-0.9255685120658256,3.760214948444128,1.3,2.1460280795837012,3.7583924574277714,0
1.31,1.7763568394002505e-15,0.0018172026805819393,-5.953868865128736e-17,1,-1.6001688598591255,-2.028429189039695,0.30230769230769233,2.593396516677269,2.2517141529563682,-0.49125,-0.04598996814921109,-2.053865374707599,-0.5614285714285714,-2.3828660587191446,0.4058210727639889,1.2092307692307693,1.859988210526884,-1.4384585105248568,1.31,3.191663570901613,1.6296792098087451,-1.31,-0.9373891569436432,3.783110790599106,1.31,2.1579140160791153,3.781271006735463,0
1.32,8.881784197001252e-16,0.0018171196031905661,-1.1728420958104215e-16,1,-1.6169614158096222,-2.049903363425764,0.3046153846153846,2.608536686465162,2.2628436130380636,-0.495,-0.05095373749149968,-2.0755328815442495,-0.5657142857142857,-2.405604406610602,0.4028673187755506,1.2184615384615385,1.8695461786572405,-1.4554216414529475,1.32,3.2113511544849316,1.6360598773547075,-1.32,-0.949112219357111,3.8058910243925848,1.32,2.169747018276816,3.804039210693164,0
1.33,5.329070518200751e-15,0.0018170409285078496,-4.044293321552682e-16,1.0000000000000004,-1.6332725522162805,-2.071231752076272,0.30692307692307697,2.623567121154829,2.2739765326321186,-0.49875,-0.055609918886321455,-2.0969903789495463,-0.57,-2.427838251182145,0.39979174987036115,1.2276923076923079,1.8791979045471239,-1.4720534539785601,1.33,3.230883355268801,1.64240924288517,-1.33,-0.9605298353275563,3.828337909277716,1.33,2.1814800228358493,3.8266043009589086,0
1.34,7.105427357601002e-15,0.0018171437789999845,2.276402760562638e-16,0.9999999999999998,-1.650230543554081,-2.0929103581125954,0.30923076923076925,2.6388885627337784,2.2851746461707454,-0.5025000000000001,-0.06059706652174765,-2.118864996405063,-0.5742857142857143,-2.4508521899701043,0.3968629386970692,1.236923076923077,1.888878121964451,-1.4892586850407663,1.34,3.250822057558769,1.648885513448682,-1.34,-0.9724606051052633,3.851354657866065,1.34,2.193428984544057,3.849600579323145,0
1.35,5.693223670277803e-13,0.001816908791943213,7.267788103442375e-14,1.0000000000000142,-1.6668865911194235,-2.1142201479856957,0.3115384615384616,2.6538811418369193,2.2962498885407463,-0.5062500000000001,-0.06554784190512353,-2.14036397367247,-0.5785714285714286,-2.473366306308472,0.393886912622083,1.2461538461538464,1.8983398515969343,-1.5060252062401793,1.35,3.270305939571347,1.6551900440316483,-1.35,-0.9840164316638278,3.87394205732592,1.35,2.2051665913129934,3.8721847212137193,0
1.36,1.7763568394002505e-15,0.001816787534676254,-2.2107950403898024e-16,1,-1.683440038250695,-2.135419374301953,0.3138461538461539,2.6687543755572625,2.307295670534276,-0.51,-0.07043088408667242,-2.1617587888129437,-0.5828571428571429,-2.495726812999654,0.39092919104065427,1.2553846153846155,1.9076938697658359,-1.522651013727998,1.36,3.289646357647958,1.6614107829614821,-1.36,-0.9954384193644058,3.8963988038364072,1.36,2.2168156442899,3.894639684594932,0
1.37,3.552713678800501e-15,0.0018169573891667807,-2.1783262637731668e-16,1.0000000000000002,-1.700432098022878,-2.157142525356496,0.3161538461538462,2.6841130097802153,2.3185094117263985,-0.51375,-0.0754174973669965,-2.183679236017058,-0.5871428571428572,-2.5187998123178112,0.38800942239273134,1.2646153846153847,1.917396342669532,-1.5399077443037672,1.37,3.3096389488956435,1.6679042021335053,-1.37,-1.007411744254426,3.9194665349689592,1.37,2.228786937167835,3.917684889889877,0
1.3800000000000001,8.881784197001252e-16,0.0018168402877934834,-2.1470477102673713e-16,1,-1.7171535622654486,-2.178548778415622,0.3184615384615385,2.6991911159298247,2.329616542082643,-0.5175000000000001,-0.08041510637974757,-2.2052675582377157,-0.5914285714285714,-2.541432793112753,0.3850392379886719,1.273846153846154,1.9269291099009132,-1.5567844089535954,1.3800000000000001,3.329239910151383,1.6742567644399473,-1.3800000000000001,-1.0190622202939545,3.942158193953828,1.3800000000000001,2.240577626140727,3.940374961698259,0
1.3900000000000001,2.6645352591003757e-15,0.0018169346308131182,6.347778612578551e-16,0.9999999999999998,-1.7341966640635986,-2.2002895652184637,0.3207692307692308,2.71456647724141,2.340837837725053,-0.52125,-0.08529996217785016,-2.227230424377406,-0.5957142857142858,-2.564561915984825,0.38213902534067873,1.2830769230769232,1.936603953215032,-1.5740746051325416,1.3900000000000001,3.3492594859616767,1.680749666797662,-1.3900000000000001,-1.0310623698242918,3.9652682179626244,1.3900000000000001,2.252565068386228,3.9634448010507435,0
1.4000000000000001,1.7763568394002505e-15,0.0018173813895114535,-1.0425062906852732e-16,1.0000000000000004,-1.751449810146691,-2.222370883353957,0.32307692307692315,2.730257113139338,2.352163951234161,-0.525,-0.09047397732554288,-2.2494830883392325,-0.6,-2.58808742257744,0.379224714752145,1.2923076923076926,1.9465884564662619,-1.5917496826492163,1.4000000000000001,3.3696925868216714,1.6874409906324548,-1.4000000000000001,-1.0434043970207882,3.988730298946463,1.4000000000000001,2.2647515169918053,3.986888652587667,0
1.41,5.329070518200751e-15,0.0018173443558041754,2.0557628579562145e-16,0.9999999999999998,-1.7681458099823715,-2.2437462114535105,0.3253846153846154,2.745292687701638,2.363267369709857,-0.5287499999999999,-0.09540305660248063,-2.2710518659203522,-0.6042857142857142,-2.6106835064372853,0.37627781461271514,1.3015384615384615,1.9560633233991536,-1.608586107496165,1.41,3.3892517394414434,1.6937534228221196,-1.41,-1.0550097038801942,4.011389736756127,1.41,2.276507921884119,4.00954113927894,0
1.42,1.7763568394002505e-15,0.001821431267063964,2.0184921077934693e-16,1,-1.789646070644035,-2.2715798627849186,0.32769230769230767,2.766225791537511,2.376362686836848,-0.5325,-0.10056682582457219,-2.299142498025099,-0.6085714285714285,-2.641475892697989,0.3737467606678688,1.3107692307692307,1.9697437021138708,-1.63298759527022,1.42,3.4168084474737492,1.7030604188916338,-1.42,-1.0728704226939403,4.041147848255896,1.42,2.2921501204074453,4.0391104867733505,0
1.43,2.9309887850104133e-13,0.0018202617397262957,2.8207232535452286e-14,1.0000000000000049,-1.8040870039727566,-2.291030851152722,0.33,2.7795844284158777,2.3869105356089713,-0.53625,-0.10475580648821303,-2.3186363145019873,-0.6128571428571428,-2.6608879919689166,0.37037323846402465,1.32,1.9784098168214501,-1.6472370136774004,1.43,3.434038768244916,1.708540852474781,-1.43,-1.0822251318134732,4.061260676621784,1.43,2.302767175888669,4.0595371213525855,0
1.44,6.439293542825908e-13,0.001820441584570889,9.023828647168208e-14,1.0000000000000162,-1.8203759350458357,-2.3126610528903475,0.3323076923076923,2.79485231669324,2.3981965648645667,-0.54,-0.10926829584492721,-2.340346022797097,-0.6171428571428571,-2.68331205262255,0.36725519283287816,1.3292307692307692,1.988345591132428,-1.6640961733462385,1.44,3.4539220238650716,1.7150496516203455,-1.44,-1.093848562222558,4.083919837452905,1.44,2.3146127766028837,4.082402760491843,0
1.45,4.11226608321158e-13,0.0018178511565601597,5.3123176890604014e-14,1.000000000000011,-1.835105665828931,-2.331565359289001,0.33461538461538465,2.807728894332635,2.4084556942844193,-0.54375,-0.11395728258947595,-2.3594034663783665,-0.6214285714285713,-2.702592958401655,0.3639316984714692,1.3384615384615386,1.99641260222111,-1.6780203026819798,1.45,3.4704490875524616,1.7202759184653629,-1.45,-1.1030001507779128,4.103719760171156,1.45,2.3250099615820354,4.102306531586181,0
1.46,1.9273471707492718e-13,0.0018219241083472632,3.0913138419203803e-14,1.0000000000000036,-1.8569462529607819,-2.359087984372816,0.33692307692307694,2.828315268266464,2.4215923722810206,-0.5475,-0.11951614184336525,-2.3872455400738484,-0.6257142857142857,-2.733592262533826,0.36167582396829495,1.3476923076923077,2.00961284236087,-1.7022231238065268,1.46,3.4976176285885057,1.7295543098825124,-1.46,-1.1209479480767885,4.133578567296699,1.46,2.3403883359114985,4.131856825183087,0
1.47,1.4299672557172016e-13,0.0018175638640698082,2.3630708384910865e-14,1.0000000000000018,-1.8683710667273967,-2.374153793464645,0.3392307692307692,2.837665382558152,2.4306003443203092,-0.55125,-0.12383838577832502,-2.402366935114888,-0.63,-2.7475658703458627,0.35798768666584546,1.356923076923077,2.0152986646167506,-1.711500584583841,1.47,3.509364156116473,1.7328553961061932,-1.47,-1.1260691125290956,4.14884539500477,1.47,2.3484401011850227,4.147434240556451,0
1.48,9.130474154517287e-13,0.0018233651360253815,1.1247816779984704e-13,1.0000000000000162,-1.8918261276628663,-2.4045813488058077,0.34153846153846157,2.860810910089907,2.4445673821294167,-0.5549999999999999,-0.12912692610586957,-2.4330596896151593,-0.6342857142857142,-2.781723143727845,0.3556671881952894,1.3661538461538463,2.030538385800991,-1.7388772221121627,1.48,3.5400100925958875,1.7433664252213352,-1.48,-1.1465286269176889,4.1814516311576515,1.48,2.365459764950168,4.179817141076157,0
1.49,7.771561172376096e-13,0.0018174973050926043,9.951709899633845e-14,1.0000000000000178,-1.900654120129184,-2.416601754594178,0.34384615384615386,2.8673813414984326,2.452571894412496,-0.55875,-0.13315403895509575,-2.4450619114526875,-0.6385714285714286,-2.791500674566869,0.35166608849735387,1.3753846153846154,2.0343554260359222,-1.7444796740902928,1.49,3.5479695641479,1.7451654683535158,-1.49,-1.148476229238029,4.193129335922634,1.49,2.3716740501044624,4.191966514992307,0
1.5,2.6645352591003757e-15,0.0018175083884260782,4.541706524477409e-16,1,-1.9175134124414386,-2.4381771438185886,0.34615384615384615,2.8825975124379766,2.4637427464822363,-0.5625,-0.13812136930505128,-2.466828912046652,-0.6428571428571428,-2.8143661874968235,0.3487258370648487,1.3846153846153846,2.0439664660503176,-1.7615525163501748,1.5,3.5677725710741686,1.7515867878187532,-1.5,-1.1602958657358888,4.216016894189871,1.5,2.3835486780706234,4.214843807702336,0
1.51,1.7763568394002505e-15,0.0018175894922526528,8.95845168169134e-17,0.9999999999999998,-1.935106157314937,-2.460555515681574,0.3484615384615385,2.8985837426670833,2.4751646157471985,-0.56625,-0.14318115631521447,-2.4894229245632946,-0.6471428571428571,-2.8383693636384897,0.3458272665221152,1.393846153846154,2.0541130013644113,-1.779619161076834,1.51,3.5885903915463335,1.7584533451056787,-1.51,-1.1729971379406379,4.239871062209267,1.51,2.3959550669947522,4.238638813312842,0
1.52,8.881784197001252e-16,0.001817438692766022,2.6519111198293685e-16,1,-1.9521841958766788,-2.4822849582083935,0.3507692307692308,2.9139557394848574,2.4863831851022105,-0.5700000000000001,-0.14796544636961487,-2.5113968221939187,-0.6514285714285714,-2.8615196136845062,0.3429232932219446,1.403076923076923,2.0637591849775383,-1.7969101674111219,1.52,3.6086005900112896,1.764950532229057,-1.52,-1.1850096471995546,4.262989148385558,1.52,2.407950428450155,4.261703751225164,0
1.53,1.2256862191861728e-13,0.0018175252861861654,1.980849593267103e-14,1.0000000000000013,-1.9686976011774577,-2.5035477780827033,0.3530769230769231,2.928879681957803,2.497441110446776,-0.57375,-0.15306577420295184,-2.532799715957534,-0.6557142857142857,-2.8838821331378703,0.33991674928170834,1.4123076923076925,2.073243502753891,-1.8135758414772678,1.53,3.6279986111712095,1.7712263172753204,-1.53,-1.1964787550695213,4.2854552326127875,1.53,2.419618684265793,4.284210224726894,0
1.54,1.7763568394002505e-15,0.0018111354884145822,4.341417739475976e-16,1.0000000000000004,-1.9747125599291502,-2.5124690996838863,0.3553846153846154,2.932503846472148,2.5044704055207263,-0.5775,-0.15680196982441097,-2.5415987051007622,-0.66,-2.8892593454687585,0.3356944296880561,1.4215384615384616,2.0750569423316625,-1.8153499313919903,1.54,3.632042835039027,1.7713562146777035,-1.54,-1.1950349105518754,4.293399683373237,1.54,2.4238213769223838,4.292823301057906,0
1.55,8.881784197001252e-16,0.0018101655886825763,1.716103993358044e-16,0.9999999999999997,-1.9900074792872284,-2.5321960763662337,0.3576923076923077,2.9460412962298856,2.5150286927191186,-0.58125,-0.1615911885965266,-2.561473750676057,-0.6642857142857143,-2.909580837426022,0.33255201392446815,1.4307692307692308,2.0835444673240207,-1.830196683461895,1.55,3.6495488941428214,1.776877565606098,-1.55,-1.2049325045521972,4.314112196510644,1.55,2.4345935617774823,4.313622339826405,0
1.56,3.552713678800501e-15,0.0018126842960447486,1.6902661173444607e-16,1.0000000000000004,-2.009832600090889,-2.5573323096769975,0.36000000000000004,2.9644694733536294,2.527375172477147,-0.585,-0.16690780946281633,-2.5868754248453443,-0.6685714285714286,-2.937310612804674,0.3300295490016213,1.4400000000000002,2.0953020041818085,-1.8515327308750031,1.56,3.6737625384271038,1.7850030723388903,-1.56,-1.2204222036921952,4.341167009099381,1.56,2.448555412055126,4.340491960651569,0
1.57,8.881784197001252e-16,0.0018175727702621437,-8.290327686887117e-17,1,-2.0354788983293424,-2.5890972741778504,0.36230769230769233,2.9890375974547228,2.5418756549882064,-0.58875,-0.17277183219792377,-2.6191101097215648,-0.6728571428571428,-2.974300061793873,0.3281202392621624,1.4492307692307693,2.1111748098229186,-1.8809466688875407,1.57,3.706266940350797,1.7965031156461002,-1.57,-1.2429474505833011,4.376115901285709,1.57,2.4666346310840996,4.374865438817093,0
1.58,3.552713678800501e-15,0.0018175609353170928,0,1,-2.0528933478541442,-2.611284517061526,0.3646153846153847,3.0048531242202006,2.5532320929377836,-0.5925,-0.17787473667174547,-2.6414948166651055,-0.6771428571428572,-2.99802484035725,0.32518715995886527,1.4584615384615387,2.1212310408916073,-1.8987784043142684,1.58,3.7268459168417314,1.8032861237119047,-1.58,-1.2554493141844927,4.399734624052284,1.58,2.478927887244358,4.398444034842274,0
1.59,3.552713678800501e-15,0.001817575675907635,1.6175766924274827e-16,1,-2.0682108334797156,-2.6312349901647325,0.36692307692307696,3.0185212003492206,2.5638831065493997,-0.5962500000000001,-0.18284191365917127,-2.6615442689713262,-0.6814285714285714,-3.018532696038422,0.3221194188156902,1.4676923076923079,2.129842354805717,-1.913821323922515,1.59,3.7445894371204202,1.8088373325748621,-1.59,-1.2654798169045969,4.420628967254276,1.59,2.4897279931868073,4.419458054932727,0
1.6,2.6645352591003757e-15,0.0018271528294127373,3.9571178968832594e-16,0.9999999999999997,-2.097365691670734,-2.667948264651109,0.36923076923076925,3.047521974217979,2.580070064116621,-0.6000000000000001,-0.18857352594401547,-2.698786343296035,-0.6857142857142857,-3.061741997855425,0.32084836359599944,1.476923076923077,2.1487513027359277,-1.9489096522084657,1.6,3.7832560607758805,1.822512695280354,-1.6,-1.2926331845365695,4.461109287566359,1.6,2.51061511718114,4.459247875599464,0
