-0.12913170632647228,0.18582232105511753,-0.29779619596674023,0.0931251150459576,-0.18518062446847536,0.09856231934079701,-0.0576265238824956,0.031942705161408326,-0.33348392377916986,0.09127061367205587,-0.1319993844839902,0.23106481477378898,0.07162680631897059,-0.02307194490101127,0.2345856318172774,-0.04980026633150315,0.32754439748429076,0.04041372766482936,-0.09854115335479915,-0.009371270587337763,-0.2663046015981549,-0.25053955792119276,-0.1711527244589804,-0.019908171548597014
-0.12918057728804128,0.18564988578448224,-0.29783353592720013,0.09318702353830516,-0.1850781148367048,0.098412305159031,-0.05751324112636438,0.03168783369612431,-0.33337313235611193,0.09130585868826084,-0.13186931419709513,0.23114871496641712,0.07169168611777396,-0.022908440017065053,0.23462430246816543,-0.04968672193011631,0.327392214385827,0.040807689836262546,-0.09871794893164951,-0.009319406263771588,-0.2664341552833012,-0.2506813002202151,-0.17102278039834148,-0.02019822664675988
0.1532953366948702,-0.057968800735801324,0.2507883167407179,0.16680974410773813,0.005123735619304297,-0.19546275735042365,-0.15163635057768596,0.14180704989370843,-0.2294692053406358,0.07344319604798197,0.27504680458822106,-0.032555163726460404,0.15481637016896974,-0.046262656649271816,0.17407141465077075,-0.10544632516404336,0.219825198307557,-0.23691087091460863,0.08697225408368761,-0.1987775769600787,0.2262963785741449,-0.20650981145961597,-0.2368576398423976,-0.020152381048336828
0.25719646762814274,-0.08652605331647542,0.17537324118644548,0.18366518328553896,0.0680880178895382,-0.20141428523716673,-0.23775461279402876,0.08521672289769751,-0.10977602339499817,0.009381020277300919,0.24464717704929112,-0.06080912606848418,0.23483356517201096,-0.048682215325343364,0.09573677805335379,-0.1821864796928562,0.20759754593466406,-0.14801178978991109,0.18795798287637727,-0.2241019052466478,0.17393068243432838,-0.18687755525663924,-0.2573474935068561,0.06588817547978507
0.20057295966761607,-0.06758668266535599,0.262279425090814,0.20517423324340844,0.07023211584169255,-0.1570039468292826,-0.18759336040533747,0.14670979660385863,-0.15882354804048407,0.03276229009769442,0.2766792798216959,-0.014130384942983656,0.20044582732058558,-0.03868595119259259,0.16987846703456358,-0.14532248604024833,0.2266917682561134,-0.16996888681128627,0.14444810628627305,-0.1947578742739819,0.24279302131096642,-0.18788255335866352,-0.24368631442215702,0.03299676263888578
0.17505571055118535,-0.12546177520668872,0.23594693035842618,0.20965445831945717,0.05632463232074759,-0.1652542674629516,-0.19049011953239856,0.1635260992056796,-0.16425868124038243,0.01269168951962821,0.25755953188386943,-0.01907976149026723,0.1819274241850068,-0.08396721478352835,0.1424217113048996,-0.14533624015715982,0.23679455479721565,-0.16649367065413068,0.11352000825543315,-0.24200278116035048,0.20529292961138051,-0.22526214210961998,-0.24460668552420683,-0.007027533635156764
0.1790513154296691,-0.12690403778572637,0.233242407590702,0.21216642353298357,0.06995377852036588,-0.16529162792225746,-0.18937390605001136,0.17274875244000462,-0.16461655603138878,0.023079369154799027,0.25984832536276564,-0.013700973915076159,0.1840025525573204,-0.08634891518666131,0.1410521015798274,-0.14885051667275245,0.23833232299591622,-0.16577465072849992,0.12129490518287828,-0.23861746098385223,0.20206660715730815,-0.21790718404426662,-0.24739013818133407,-0.016710658403117484
0.2858223793944788,0.06327685098467618,0.14941527904411595,-0.07821460079289985,-0.18165509149729575,0.19497479245892424,-0.24570238749740209,-0.03146186390804632,-0.21124707267882192,-0.04022390547510851,0.36909588199972215,-0.03150615265789503,-0.2827558866780495,0.04790714035482457,-0.19536482571242844,0.29392997228457646,0.034418228496389806,0.15289726281420077,-0.2064845301211464,-0.06409754637828853,-0.11535473664690346,0.19677981501241965,-0.12275839512952486,0.04032169458514385
0.28987324936599757,0.06809890315544706,0.15229508301160036,-0.06592812462134842,-0.17420658207732675,0.2075071197336947,-0.24682800334539798,-0.031127558733135694,-0.19559430937463565,-0.03539048097934891,0.3674750343905739,-0.03337400494196126,-0.29110209437857515,0.04781906149749495,-0.17317161890851718,0.2976692331068002,0.03395088087923459,0.15679445009133808,-0.21365509757940127,-0.05251198981116074,-0.12141496288834502,0.20635317261094127,-0.11748324113800197,0.03767552768554735
-0.048218475139789586,0.2208305929773041,-0.24585552028346455,0.1434649966758542,-0.18461336113348728,0.0684129443331921,0.0164382098903854,0.09438043545984193,-0.28156965644027276,0.1066323498687972,-0.12024579943113581,0.2950933372849286,0.09025271652196058,-0.04368547903794014,0.30673837103653306,-0.017059361173293344,0.34420229942653374,0.1361295001813637,-0.019498690796413417,0.05354796191910258,-0.22345107930670632,-0.18384269476685416,-0.13585198446843275,0.028432898401193552
0.21198796245884166,-0.1000700841556579,0.23095045992511762,0.2387272756445203,0.15106890826269334,-0.12430095677611153,-0.20893393984829436,0.07157299298822642,-0.211820439424988,0.04873773250403937,0.23825749198833523,-0.06831015437507919,0.219084030009704,-0.020548534664512175,0.11917867319427645,-0.1607719149447484,0.16575858639035415,-0.23702568679062022,0.1697622458391952,-0.18419379448382384,0.2252581285628407,-0.2071689826268758,-0.26396403896426374,0.011637127047596802
-0.060882632907026744,0.21903014410584715,-0.2693989192553926,0.0831103160481164,-0.17309655123302353,0.0934665708304341,-0.01774081650268055,0.10878984570541098,-0.2959290693128861,0.07988007975539611,-0.09763531608845057,0.29581297789815564,0.07866065534412009,-0.09020899423683043,0.29687111062209204,-0.04662069454651346,0.35845965303025096,0.12733065480559383,-0.07017117377807638,0.06012353105987267,-0.23094808188191074,-0.25553281432273484,-0.12948998023363986,-0.0012191278073597775
-0.1164535836273475,0.20100663528954202,-0.2500207753030691,0.1458063980237206,-0.17745329497481688,0.13480338045209542,-0.03598669258607161,0.05429317928677446,-0.2938808773854037,0.14521448655366703,-0.14487296785946271,0.24669471003216284,0.13093381356386588,-0.08381987727418215,0.2557679151640898,-0.019538805030085756,0.31591486991007517,0.1047843918286279,-0.07429942677356552,0.019059376393319078,-0.2389221838237248,-0.24642769436352524,-0.15344838427544188,0.004556016412244262
0.28190742608618136,0.12245779071084839,0.11659780724624172,-0.03728843199971389,-0.0898385878241395,0.22787051188409652,-0.1975145410639745,-0.09753023942381361,-0.1684383117569401,-0.04747534448000565,0.34721256446507087,-0.03141843729880211,-0.2691248224395585,0.04209841745507052,-0.15098575806370315,0.3218099927565447,0.04054466062279798,0.13139033988260962,-0.16716010870241932,-0.09521718584694805,-0.09677219657871723,0.22050399536053986,-0.13786995472056193,0.017098620789307503
-0.10266965427734967,0.1513186677271607,-0.2815712775674245,0.11425735570665081,-0.16483540448923967,0.1631192250713451,-0.06754838172469957,-0.0010552020091935037,-0.3006822176351104,0.13418622591539997,-0.10607988353011229,0.2672590671445629,0.12703599103984495,-0.071668847025984,0.26611331754526313,-0.03377050673338101,0.3288672375012013,0.062040468327148435,-0.11990858964463628,-0.03247314161919647,-0.21602213820330085,-0.2809926142582509,-0.1419383190720156,0.03942092728279263
0.19322827895607478,-0.09183157349064563,0.22443184010863476,0.23863009496006052,0.05830200083767121,-0.16008511784403484,-0.19243121492587256,0.12327052721331665,-0.18130801842045113,0.028707817226165323,0.25184811807868795,-0.058595986337708655,0.20395755105169655,-0.053166251643745305,0.1267257171999031,-0.14058697252048194,0.22809220951671524,-0.1913076977446126,0.12042813736580912,-0.21910509154990615,0.20516849000484752,-0.20432233125793864,-0.24719237437155805,-0.029630053444506987
0.16871107884441316,-0.11573508420904417,0.21956665511356,0.18520836211751449,0.03780055607257653,-0.18228998189897808,-0.19317408865195446,0.08061837028817886,-0.20775729813212893,0.057319129623111885,0.24071595918259486,-0.049468511727275746,0.17095785427531507,-0.08214648933530273,0.13363970417095986,-0.11363677955847647,0.20531328448992892,-0.22443763590996144,0.09270405354488229,-0.25550614257928195,0.18710112304735765,-0.21767217955650497,-0.26507092996048454,-0.02019439209878904
0.28801075528229453,0.07450698111194022,0.13328665220103442,-0.04290268565933901,-0.16709252063121263,0.2116411449487361,-0.24888562425114846,-0.06111073933757936,-0.1933737669938681,-0.03176412003573159,0.3467916316433137,-0.07388037097912904,-0.28956356782911447,0.02546078609080244,-0.17760859189230882,0.3003856886818764,0.023044666030784453,0.14423198747986032,-0.20406916285818666,-0.08309654695934342,-0.10500716334744356,0.2070034199095789,-0.14122433982388313,0.024743410201439265
-0.0708825627964852,0.17913488536058939,-0.2657899050583789,0.113220986536659,-0.23613223383433435,0.09837401275817746,-0.04748746812591565,0.08315995935784878,-0.2950679978565502,0.13154220159744262,-0.18141826328575897,0.26681398115172683,0.13357856989882608,-0.17105439138542658,0.26915360062898813,0.11038384411403974,0.30236601279702074,0.09189852404056878,-0.08592665053216271,0.04267805056942679,-0.2247002581418869,-0.24636268870111494,-0.15004123302045225,0.0657039230292497
0.30835212993863603,0.0562299656007204,0.16286437063703235,-0.02242096197494906,-0.09392448823938754,0.2557809931008054,-0.20140382669488474,-0.09852050919739083,-0.17889928094590363,-0.006915020758406878,0.3275271903112081,-0.06942701780189596,-0.23498588574373971,0.014277282287991772,-0.18472413907140256,0.3207881947691234,0.010462055889268853,0.17647774448126574,-0.16418866803906412,-0.09500824098444642,-0.09159997169323744,0.1859813713070374,-0.2104477484896809,0.07075649453490553
-0.14914300085771742,0.2379756809041142,-0.2236202043617923,0.13299696755833532,-0.17847623184514422,0.10658153434197366,-0.05123332739953509,0.075508608533198,-0.2967546614278146,0.13978432983479125,-0.145606682383603,0.21881159440537884,0.11184662272235031,-0.07220539664698669,0.23354513734225174,-0.09271211560340055,0.32174284340654963,0.09615170124659088,-0.0950043577026493,0.03449050768925132,-0.22941871055742444,-0.2544562333790046,-0.14409238270222308,0.019598560068946617
-0.10305968753522661,0.21421850408237045,-0.26713123972442876,0.12937134538541084,-0.16574049557204093,0.1436223195447403,-0.027494812768962627,0.07368298940731573,-0.31097676844086997,0.13944815157377605,-0.1359746148933728,0.2352748313698494,0.12189024495511686,-0.0556329144530651,0.24589424818573719,-0.026563826199654715,0.32252844089403987,0.10473794551374854,-0.07174499753370522,0.02169791174468483,-0.2544643201310341,-0.22973095733564733,-0.17430438538897775,-0.052515060512184825
-0.1311759567122088,0.2779963137521442,-0.2100571469743881,0.13207547691182275,-0.17778559409408934,0.03540240489751215,-0.03157688156301206,0.155482115202226,-0.2907053309168372,0.10555460329485851,-0.17054143333642294,0.20304762756067932,0.06188837267461912,-0.05927632913976312,0.2443841826949393,-0.09706159291413956,0.3154481798201704,0.14413841118223902,-0.0648023888804956,0.08565731944723275,-0.23844682062256725,-0.19161883610951327,-0.16789815413604392,-0.0506107643526062
0.27917009405397636,0.0764339599358684,0.15735308487219296,-0.06631029983673452,-0.17066286657645674,0.21458657646570117,-0.23624831412975844,-0.050750174821274474,-0.20650423246992688,-0.05015852583685439,0.3576255771105104,-0.054833697071006264,-0.2819379384440202,0.03466807136530043,-0.1899291133406357,0.2911339412134825,0.03716106737798205,0.16353770127502176,-0.1984709619638304,-0.07517901276598486,-0.11269197199858902,0.208404053731821,-0.11813326454372737,0.05761343005225169
-0.07406236944322545,0.2043281217878285,-0.26077330935037524,0.1075944676778655,-0.2019201548027625,0.07272944618383365,-0.018837230001108644,0.06012046709182282,-0.2977765242763546,0.10928422458610651,-0.1396610777815437,0.26789872681539273,0.09826568450407808,-0.0788289603770044,0.2751708960317631,-0.014062198150736092,0.3222614137230942,0.12026035745638695,-0.059864161941296845,0.026433054201791616,-0.2410663581902644,-0.24163886225741596,-0.12586820693655051,0.004802118188050308
0.1892771778043782,-0.10840470295531521,0.2441523597912534,0.22024156347917398,0.04529597093363226,-0.1453562330253969,-0.2225477157770039,0.1351742204144465,-0.15150339740747956,0.034089398106712514,0.2392072372207495,-0.04681052907380655,0.19580563058503112,-0.07022547399901295,0.14838808468079062,-0.16096842043332113,0.2155376103480405,-0.1794137373365798,0.12434283636355581,-0.20880482131290692,0.2424568722735493,-0.27118580432980094,-0.19771910022463562,0.06673896525747357
0.20004790436337463,-0.10353031377004154,0.26041432068897213,0.25522900247034724,0.05066090580058226,-0.1443658528264301,-0.15103922963004512,0.18153807861000323,-0.1934356748629319,0.14368078335478648,0.24976905416707343,-0.02716158651946413,0.21163105454487602,-0.066719402429446,0.1624878134001844,-0.10779443944367012,0.2319659013630797,-0.20563888179371126,0.13749210499245879,-0.17821690113219876,0.2596206007569189,-0.24422582323927594,-0.17907162565375515,0.02540357361749094
0.1812904128478017,-0.048587372512474886,0.23006959448145511,0.2656677117774685,0.08184041518560273,-0.11934961865934705,-0.17156655087732872,0.0886152949651468,-0.20086413240838624,0.06168361289292757,0.2750050818812742,-0.0700145069725506,0.19812308175739804,-0.020953520728596426,0.15436405027172767,-0.07813699279244067,0.258016006618178,-0.22120492188207558,0.09459415652468632,-0.20382804397654655,0.19754994384877414,-0.20502318514191945,-0.19881975146392802,-0.049167575978058826
0.19672656577831804,-0.10552323418797846,0.24974920606038686,0.2600932177983922,0.07578913872414109,-0.13380881973137698,-0.182821969206513,0.15497374347282944,-0.1912122618272873,0.14195019016609908,0.23452550320574447,-0.047864794827348664,0.213556382180107,-0.05543691256653863,0.1427878732863316,-0.1325001179849112,0.2198607141282651,-0.21011267998272434,0.13543345340592905,-0.18004513015477072,0.25055547806147443,-0.24953190994267166,-0.19697172042321467,0.019998037838130957
-0.07956576420720068,0.23764942230406985,-0.2667946715936722,0.06811939596035411,-0.18229365330235767,0.11624978741242042,-0.03941897876966952,0.11021623662467962,-0.3109370997179975,0.07449903393161005,-0.13155940802492808,0.2579292465513304,0.0664858225206821,-0.022484178250721902,0.2713771297252226,-0.004283861592090614,0.3613701761640604,0.0842607934382696,-0.09191970854387824,0.03096276033842585,-0.2267311775517086,-0.22325618700753763,-0.17331778120420838,-0.01622366428697526
-0.08350092269275765,0.21958487155241896,-0.29750312127049816,0.09978871640073954,-0.21627345941217227,-0.024795695892733057,-0.03526495035174657,0.04415393915643917,-0.3571699331539612,0.11849980256855615,-0.15928207364291966,0.18229397390702565,0.08254324330125042,-0.023938644050351444,0.19678807956765276,-0.04115450217682879,0.3078553038929857,0.07036261203198091,-0.07048086106265569,0.012524904737957502,-0.29994140616559495,-0.22690897125502082,-0.1232583747355119,-0.05881264405123301
-0.10405111063070202,0.22264464136167839,-0.24809366655911527,0.11643514567725698,-0.19018942241976905,0.13854891663231508,-0.010137131211159452,0.05825811676921342,-0.3000104548802484,0.10142281436343625,-0.1549018858429171,0.24790763740618696,0.08417708883724576,-0.0864784019271402,0.2559660276624816,-0.06797950725746398,0.32647760295715006,0.06582195576581609,-0.06322279436464161,0.01963233235713663,-0.23182570574911132,-0.25908863652431124,-0.1392597341450986,0.017839816597412864
0.2636758342282522,0.14084807123775595,0.06233037700173239,-0.032339175993948026,-0.08341834611006153,0.25657369983210726,-0.2373156162441882,-0.08753323901654478,-0.07937719130946551,-0.05302705052049234,0.35564903091400596,0.044232394713198404,-0.311290750252783,0.08920792785193901,-0.029823992683560285,0.32853423146913696,0.024438862221846977,0.053299043092158736,-0.2088303746725652,-0.07799057430091097,-0.026019618443733003,0.20333145979069764,-0.12092116960538843,-0.006183357973395825
0.23666489154577855,0.16160198800468228,0.13194709156142811,-0.05790034106458789,-0.12296090411078824,0.1805370586605582,-0.21250797228792342,-0.07569829340468906,-0.17455930932741892,0.011244488649179072,0.3598293661312764,-0.028635297413939956,-0.24773185571493136,0.07994860695628196,-0.1797367842291953,0.2891142752893297,0.005593930874607766,0.17748856916453212,-0.17853658058780458,-0.08593039535592875,-0.10291192643199196,0.11647034798996898,-0.2084723698580495,0.04124962770867977
0.20399783009650777,-0.11981392975909311,0.2541687597799825,0.24095114134091367,0.07660925491492741,-0.1269221042723707,-0.23270490280196404,0.09034671442988078,-0.1764497476868106,0.06661015893582434,0.20698943660503522,-0.06072003610790127,0.2137756719533458,-0.06372496408429577,0.1433155453666393,-0.18235962363554692,0.15141788057585906,-0.21064249059539314,0.16140643451962408,-0.18724772212286273,0.2606945356085358,-0.2749080371221562,-0.21267976247666864,0.09221349116750054
0.21750179214444917,-0.06317297765438691,0.20738232022477399,0.174704579683339,-0.02281976552591355,-0.16506490837825546,-0.2639125606830281,0.06040952141276688,-0.08024107143492108,-0.004504582373291618,0.21679248934782994,-0.08537261001068618,0.20752877536255757,-0.054773272824738824,0.13220130912195197,-0.18478651601558038,0.20102568903917617,-0.15639065673627214,0.12087203943666441,-0.2118827205279634,0.24047838939439267,-0.25772360491801205,-0.20542429876358778,0.12186777782166926
-0.11553082562500498,0.2717541757613309,-0.23099309027114215,0.10393417642242445,-0.20419820237594682,0.022944188534564983,-0.061476432311250204,0.11737475411246996,-0.3137337456597032,0.12362038352779939,-0.16206143935273243,0.1933810287221663,0.10912030124577284,-0.07916517502729933,0.21469263252566242,-0.04642351941846049,0.3450460119380146,0.08913808896902162,-0.09986665495902233,0.06368620430984208,-0.23271857239258226,-0.2338070660257054,-0.11768733776539653,0.03812946949078545
0.21689086274599623,-0.11484498438774529,0.20520915205626308,0.2550325662676291,-0.0035112527248900853,-0.17121213080078523,-0.1727813656380641,0.14639735514877864,-0.16054895007770162,0.06540314441953919,0.24044047339037738,-0.05957337324538488,0.2237523952053696,-0.0930235077249926,0.1286086375997424,-0.10244370989225932,0.24427602270121263,-0.17953600319995638,0.13094262428291042,-0.24510700746408257,0.18996541626704874,-0.23455785752229114,-0.19496123581257258,-0.0045415721201291035
0.22118712970060922,-0.08437511340917056,0.22787269862542417,0.2618895764823925,0.11798325512979725,-0.1479828259060655,-0.20668831306761032,0.16063789239199883,-0.19011787994901538,0.029341972766647535,0.2601484710778411,-0.05603994667446331,0.2311894230208231,-0.027190003864217955,0.11974307421433213,-0.17965651534926297,0.21332081257272464,-0.199603698131664,0.18108006613888045,-0.1602799118509048,0.22530584154229535,-0.21868963876208375,-0.22534897018607689,-0.004507144400168978
0.256245437789917,0.06331959353598163,0.18412415356930892,-0.09982983084307381,-0.0990787036658025,0.24249855678029847,-0.21880181916313257,-0.07019928850278176,-0.22745426589060147,-0.06448051472442291,0.34939166757102763,-0.09028817222476583,-0.2534749623780399,0.032610890937185194,-0.23214899083057786,0.26343528568128693,0.03890282285331232,0.19049858987865642,-0.18818166633874947,-0.07533824154575151,-0.12037284982640913,0.16819740035523492,-0.15228433661130805,0.09174626050538118
0.22164666260886476,-0.15085319738547184,0.26615766046765954,0.2119944659774315,-0.041804240817630636,-0.12989093904792318,-0.20715451245115005,0.11029322488035792,-0.10127786196296751,0.10054997978502064,0.18225626363353314,-0.010966074481058692,0.21840480903973172,-0.12293081050568719,0.16852275992584895,-0.15548091308116652,0.1800654795542598,-0.12803855646238166,0.1420333265444279,-0.2401675335092291,0.28392791577730725,-0.2629342731906089,-0.23085924738323402,0.1065963381768489
0.2694808712061024,0.13760832430529663,0.07749760240464042,-0.04005454571394153,-0.07802559134857902,0.2549405322711757,-0.24010141119245532,-0.09981495431171619,-0.08531515449837672,-0.046219090611671496,0.35752082520535855,0.02777848700633079,-0.30368270516308277,0.06262978689797949,-0.06954683783360106,0.32687574229678096,0.03690706675958727,0.07978531998255509,-0.20418706123136418,-0.09402324325992166,-0.02491234629482637,0.17800326414919856,-0.14857206837770626,0.011164474857056524
0.24399649344990199,-0.06812704413301186,0.1908442973292508,0.20245788098435635,0.036122873839309504,-0.21551602275070128,-0.1945792759319399,0.20621469276721988,-0.16423796331841065,0.0668450797599133,0.28040135347591294,-0.04889065963078659,0.23552048908305886,-0.04968529685888254,0.11716194020672646,-0.1612066426752637,0.2542415769372965,-0.17969786955305347,0.18695375386761232,-0.1743219546476826,0.19286667000609342,-0.23402029806829705,-0.16656062518333453,0.045253807598377535
0.24627295744449282,0.09834686591452384,0.12705925771804327,0.005720076452356042,-0.11786053609212807,0.19818297259920448,-0.1784540980468806,-0.11485406029669172,-0.22318375783533012,-0.08595826764605864,0.3032657063829693,-0.04650352901962364,-0.24749184958636905,0.04693536960826317,-0.1913433562388033,0.3092037893143075,-0.02726549404706261,0.13817939885075906,-0.1372749583773763,-0.11403307080281194,-0.13537513134086399,0.22561643963379,-0.19915847096433342,0.00586193742924708
0.17163604543822017,-0.14508486625816383,0.22336473334393217,0.1913470457940413,0.02440013604799486,-0.22044063153524068,-0.15295564532707823,0.1839891913445109,-0.1931346031092034,0.07525626350368322,0.25916230500840814,-0.07603323966009855,0.17494095290866982,-0.10636888179109226,0.12219379626232169,-0.08334070053402916,0.24503047985865914,-0.20970984883077354,0.09080317496500909,-0.2463257997387692,0.20318287593676276,-0.2512910700514766,-0.19048801307795135,0.05961591863825062
0.19616551456126394,-0.09020322309016683,0.2908518010113942,0.2586498065370535,0.020791385394962402,-0.11435529080967644,-0.1737512553126713,0.18516309760536945,-0.16615456109234336,0.10319717921438175,0.2372219615709263,-0.0201502252654904,0.2112408718122725,-0.06158044388895764,0.1891877817343773,-0.14922611567629127,0.21568143621975938,-0.17608745070683218,0.142292363297564,-0.15994707451458168,0.29817030143378165,-0.2640913251712383,-0.18153924603667726,0.05705331456653631
0.17337201965023816,-0.14455718338586476,0.22080173536407102,0.20513672534630575,0.045173972564033694,-0.2175654275052446,-0.1498381067493741,0.1870208044141541,-0.19925442355353484,0.08724102667774755,0.26340042228043903,-0.08226948564333388,0.17981626426378172,-0.09913400095980675,0.11672226946985935,-0.07460397584374236,0.24824807151391073,-0.2190240036142871,0.09445414767145195,-0.24082880915592186,0.2002248677151919,-0.2477833472970498,-0.1845231062721601,0.05672279197343077
0.20201046875645065,-0.0758767848380002,0.2047766163785286,0.2349370863026379,0.026473192092441436,-0.16234772802367498,-0.22992124094531557,0.06653807402229854,-0.19230029701926138,0.04586065798986448,0.2202152671546986,-0.0914073013413528,0.20831773880467083,-0.054323214795770465,0.12832175702266516,-0.15405727125634563,0.18128518100639465,-0.24022446859817526,0.1341467377111166,-0.20240039863483744,0.21077893659150346,-0.2594429683645221,-0.21054709650911435,0.014053122533218328
-0.025489236395688557,0.22249705265365105,-0.29021582596563783,0.09410137417387561,-0.2275272405982609,0.07841420007737336,-0.01937888669224371,0.08640848059415485,-0.3403758341660754,0.12616279371784886,-0.17373054715337544,0.21412046893812578,0.1362983770591777,-0.09710570072906716,0.222804675176676,0.07779375273472662,0.3399520847121171,0.027607314354653762,-0.07741521431465903,0.023007492120951184,-0.2334978075135733,-0.2210302533011704,-0.1393206777239999,0.025089959876638097
-0.07676952879375795,0.237863751343341,-0.2072608217266392,0.10767082908585875,-0.21647608756569117,0.14075488067615682,-0.016141495361767615,0.07854388541368318,-0.2726202691622818,0.1177623572927557,-0.168073184884316,0.2716315478333139,0.10326051590974408,-0.05642655631889061,0.287268282870334,-0.01640415629943502,0.3413057311688892,0.09397975247441309,-0.0650341808570247,0.01805000347132743,-0.1840209868730372,-0.21252839020031644,-0.16023530354504914,0.07058699246969279
0.21350629744257982,-0.020506214719488155,0.20184271665147563,0.17014378783967704,0.042252575259694926,-0.14129540907148144,-0.23233914581115805,0.0561731871664697,-0.12794838379840304,0.05730912496298996,0.2818458518637628,0.009475311640935598,0.2041460554706613,-0.012582825127019267,0.16075313902199123,-0.16299891026310617,0.26535262219897043,-0.15018118540321243,0.12264656282606959,-0.206616858674064,0.18006247477207143,-0.21383951081030175,-0.20753682521050898,-0.030079773783742138
0.194033572580664,-0.018234922314212858,0.215786675432585,0.15314613755686662,0.04922851585277522,-0.14225178587874493,-0.2374209128558456,0.09716695427140838,-0.1333141365850114,0.053767866726628165,0.29046044414948397,0.03129261597546578,0.18811699762511058,-0.011036906330825377,0.17117174619509518,-0.1796660492750268,0.27332229706301236,-0.14248339793972814,0.11879724336088293,-0.19934190794003917,0.18191295822563838,-0.21933806967261482,-0.20114186301291653,-0.04178101432144372
0.25403508415715276,0.08088522169224921,0.08706901230371121,-0.06969560338454897,-0.15307349690404337,0.20862133744134612,-0.257731616323136,-0.06779753703662919,-0.231395783764862,-0.1722162779883047,0.33801060487312234,-0.04439068487271591,-0.31289591373071346,0.0582571297638281,-0.20572489619807868,0.2755224315278864,0.040752687661433334,0.08963657861178392,-0.20083553407701896,-0.09145912867504571,-0.09904906752647596,0.22103507843246528,-0.071294770776916,0.0318204033590186
0.20518745925302706,-0.026706549442709393,0.20080966557941773,0.17352195241615342,0.04441585941469724,-0.14080312146952742,-0.23864828961256757,0.058889504964556555,-0.1308815516406208,0.04256554215540035,0.27757161352697485,0.009987590937243019,0.19961248940428863,-0.017459524464693118,0.1558898413965495,-0.1731951977485148,0.26324620761282713,-0.14784949272865303,0.1177833673850138,-0.21153474948769246,0.17531848398909675,-0.21871186967970122,-0.21136157044057333,-0.04212775600532141
-0.0417136895021756,0.24175349252208977,-0.20376068735429004,0.0711750808187823,-0.2667709519980363,0.08460526381134845,-0.019956776583762045,0.08467053317003201,-0.27731067135865856,0.08040499692852417,-0.21818906732838178,0.2530389349327214,0.09107814499313177,-0.11723590035951302,0.2766396873430867,0.0614045738951331,0.3188780426115771,0.09344014045350704,-0.06499281536157708,0.03927781905406039,-0.1873831493889614,-0.2228540553201052,-0.12071632656191815,0.10724669697599476
-0.08597757063883381,0.12217538287518132,-0.23733249905983805,0.06708335552273563,-0.2738196856355633,0.07810668555121042,-0.09142820880219386,-0.07137456684674649,-0.2526705049957671,0.16628789040066727,-0.18428723817119277,0.27424510580523537,0.1696340847195622,0.019732542983012594,0.24315871983397966,0.11419404513642006,0.2611773295482762,0.09706924042538231,-0.1100962330230135,-0.08335500257802156,-0.20310252495288822,-0.2113671227614783,-0.1474427890722539,0.0615110686155881
-0.10441619764779574,0.22501898581558127,-0.25404166923723875,0.051468088841993206,-0.19345785886253197,0.16116125115137958,-0.0598802329447467,0.09425988519544,-0.29481230161984484,0.05008602728791429,-0.13132395113882941,0.2900758965283123,0.05123297765034985,-0.05976324363077184,0.29726430541260856,-0.035151092153547815,0.36949330982848533,0.0472009753839456,-0.1167699785483536,0.028239807171325314,-0.19063293039042073,-0.2644839485711843,-0.1569826057782141,0.08199762790980203
-0.05185106225157577,0.258720567597051,-0.2691984866757997,0.07532288487955799,-0.21309460361541585,0.17242506497063764,0.05522751633384205,0.102387827205594,-0.3300537883930161,0.0670738520389784,-0.20516298435459315,0.2005509213649961,0.04557886837372817,-0.11090061593999861,0.2209017603046767,-0.033403321386030055,0.3337522244547115,0.01230234421130142,-0.025279510306908577,0.02841719997664472,-0.25689223934935423,-0.2408339773589474,-0.18468973696700897,-0.06443444252644219
-0.08847343918520233,0.17103537999086804,-0.2606115102772224,0.0953938630852991,-0.2716515434885981,0.1260767233092311,-0.054838138382723486,0.054059347776438574,-0.30329708167817465,0.0983488229762386,-0.2064768477649085,0.2706904570761283,0.1064438483326525,-0.15858904428156473,0.27952921826625304,0.045951237317598884,0.307546628912741,0.025638790518450007,-0.09229970657259298,0.0000451884303641326,-0.20386926877792547,-0.22594604485123795,-0.1958696067376767,0.12137749931036222
0.061445614067656085,-0.0005460575387053024,-0.33482464179096116,0.12434437850933602,-0.008577840868207828,0.16376517234595797,0.15171438751468133,0.0035524813665900774,-0.2812809930837182,-0.03811280868824798,-0.026442990560956343,-0.2758529691272022,-0.06781369763806307,0.23245906458843307,-0.06727113283452893,0.18157937888575076,-0.074959403514545,0.2442779633939003,-0.2446388487152272,-0.10203170142821318,0.18887920244855932,-0.0722017773669878,-0.08115134733455377,0.3106544201593683
0.15168661566882963,-0.2007136707210558,0.20654829024933136,0.04781192589945139,0.03617883524540031,-0.23713733985553656,-0.2664286255352192,0.13820455733206707,-0.12297886302613398,0.031521496819983424,0.21312174294183953,-0.09971315799297345,0.1227321344794169,-0.1373506580695764,0.08795838990270832,-0.1961511305514094,0.2105522600790735,-0.15748104535827814,0.057468306699290685,-0.29954185515008075,0.20185699358302175,-0.26563912910297205,-0.28380555237508,0.1379293269185225
0.30862428433373934,0.08584492824080611,0.16228191518703072,0.04130699180886239,-0.13886583481546172,0.2900854019035007,-0.17314382662214056,-0.10324145162616363,-0.17770283149435098,-0.05722731046486863,0.2926109592251148,-0.10649918166968796,-0.23065460655884568,0.043370397060053266,-0.15912494589503912,0.3424153719943062,-0.019033279621280694,0.19394118138245162,-0.11130208904569971,-0.11220394452789405,-0.041907262738045466,0.3043803075448623,-0.11690110465657061,0.13939932404692884
0.09943816181905098,0.07556559471029002,-0.31642812808804516,0.12705590643557524,-0.015587152387411676,0.17733601034180485,0.16527543980476175,0.06487304393853086,-0.278221929040968,-0.0018452085026617695,0.03450276132106767,-0.27188859255224346,-0.04738780587098965,0.2632624202744245,-0.030460102087846157,0.18768576417431868,-0.11101164021291483,0.24945225288188913,-0.22227164589673368,-0.1337621739314048,0.18104350946667833,-0.07531804065066307,-0.11457160160976738,0.3073934558481494
0.312240022483775,0.0970200083465256,0.1353211273847056,0.06042910242127082,-0.10761298242950566,0.2954639351010913,-0.19630544800664512,-0.09957483812253458,-0.1556563944903655,-0.07029419827757646,0.29629743027203304,-0.11489418085647952,-0.24371743682193786,0.05682728790000007,-0.14568920511505154,0.3429177266216271,-0.014090278618157665,0.18096991230499318,-0.12125734554730869,-0.10020246211564109,-0.02403536251252788,0.29449464632033545,-0.1251084946804651,0.13035003370669546
0.013476688356333883,0.07753570123136962,-0.35795405919533685,0.1143353204433332,0.06774475132447627,0.14868524953577839,0.0842342569965541,0.08447084198281317,-0.32699393332845317,-0.027723592698765568,0.05416343443427588,-0.33413897130281495,-0.07630303786098447,0.3207126952205247,-0.08513624849365235,0.1875028157694127,-0.028306193449185845,0.23830705025327134,-0.19942366461737956,-0.1347872421404512,0.183357185850878,-0.007422894811683839,-0.05536655568542241,0.31163566803527426
-0.027655703173309003,0.12261274527672396,-0.33220786973726957,0.05120647992334175,0.05991306473417553,0.16402383616341532,0.06348036150755759,0.13342876998365677,-0.2860645243647592,-0.10592935423351817,0.05970504471938723,-0.30106876304386493,-0.07371211004076958,0.31887695480885647,-0.0919548740742294,0.10785170107513462,-0.05461134014391328,0.28611117879922265,-0.2578459785610039,-0.1755437918034445,0.1802559549436604,-0.05826916045056693,-0.10990873699989753,0.31650170942240163
-0.02442198706701449,0.04261398418578945,-0.31603219174291464,0.084666791031962,-0.00904307993049445,0.18535984140202955,0.04630628158106763,0.027599622676616406,-0.29461331848976763,-0.09557167253405323,0.016702408525079784,-0.27710182458834404,-0.07621822429318298,0.2716555442916996,-0.07326333670696115,0.15092875148954912,-0.11509855377055483,0.2830453854206011,-0.23659070176203303,-0.14203318056254252,0.26777842532636204,-0.05557399523828896,-0.09883149207642769,0.36542404901185477
-0.006185754484997927,0.08109815587514335,-0.34310439854251035,0.06431651981842862,-0.0010748278368397032,0.20294859530336976,0.1155285475857704,0.08527536494136992,-0.3021297241632417,-0.0728848759750835,0.04909770086444491,-0.32450032600836876,-0.05917162589530238,0.25759127626620226,-0.19490125635447086,0.1178680907512648,-0.09905583871011095,0.3600838487001399,-0.2139370516834399,-0.1745236305064205,0.3015077574039008,-0.03520903226127438,-0.11079788078445205,0.3910120400061186
