-0.05876597824493819,0.004984664761479003,-0.3826954616174705,0.08416397113847554,0.005816034883916,0.1130489073937802,0.044082668742602055,0.031075114983614403,-0.33213016646862176,-0.1666185871652294,-0.06890600100066528,-0.29674973365070595,-0.10545691204492814,0.22706012540272294,-0.10466355308781541,0.1547426356077127,-0.04318586594231603,0.17532862289090648,-0.25192793218392656,-0.20692030620720248,0.12149601637953324,-0.03719860998308222,-0.1146081579549083,0.26006017587514235,1.7763568394002505e-15,4.685961407989458e-16,1.2000000000000002,0.0022783597099747858
0.30117424602247456,0.1176022988168301,0.12380787629789297,0.0436189460978458,-0.1097576906114969,0.28606751907596717,-0.17912513054317458,-0.11252737137079075,-0.1663436736050785,-0.06019050243285456,0.30028242051345494,-0.12297035270579866,-0.22725355589400384,0.07687985381226234,-0.16520290001991172,0.3445578845278964,-0.027017243308995405,0.1796155014147785,-0.12206582687316479,-0.09172965157012414,-0.04851793027768863,0.29758119528508764,-0.11776512233376768,0.14376791857704063,5.3290705182007514e-14,2.810373220040968e-16,1.300000000000008,0.0018142814813948609
0.30089260810875273,0.10783022075242615,0.13091597345202793,0.05894026371657569,-0.10805951779641422,0.28752800520633515,-0.1874384306717302,-0.10082869455715894,-0.1705529789512221,-0.07468239670062651,0.29193117429999144,-0.1316071509127298,-0.22617791364623033,0.08053568890140168,-0.1686118151529847,0.3407603300331381,-0.031029941976346294,0.17971123121156093,-0.11153535642974717,-0.08995027681289303,-0.047546838247370646,0.29753815178602583,-0.11446115891013804,0.1503875321463204,5.329070518200751e-15,-5.883541661090525e-16,1.4000000000000001,0.0036070945441782874
0.30057740217718654,0.09888735395655289,0.13743457005768675,0.07249117438842861,-0.10648024212986466,0.28835434575641805,-0.19448239656679167,-0.09014581054127158,-0.17406226480723375,-0.08728661877783654,0.28383939461274876,-0.13905073975351973,-0.2254396319304989,0.08344385379698067,-0.17166911471368407,0.33746254968582806,-0.0344678576423147,0.17962008760703774,-0.10223620662328378,-0.08784871810569017,-0.04660179261717816,0.29721098391511575,-0.11126048013068886,0.15619886722743842,1.7763568394002505e-15,5.235180814266864e-16,1.4999999999999996,0.0016677110417577961
0.007953758898473893,0.05529020183638021,-0.32952620253195636,0.08520276760259368,0.014286491861340329,0.19136121738073908,0.12067601454109399,0.06554796532310381,-0.27906911168645543,-0.09760588104264535,-0.0029526540494432952,-0.28486706964015873,-0.0313215745059103,0.25363149710566774,-0.14126501177584613,0.14165017888182174,-0.06772377800119446,0.3218590034849926,-0.22994207514370954,-0.16976125890321495,0.24822390207157372,-0.04213213401075586,-0.09765589751450664,0.3634606168741681,1.687538997430238e-14,-4.665459518900282e-15,1.6000000000000025,0.0032148174131102513
0.009667454767018866,0.05642382919857977,-0.3270423670128693,0.08303488164702798,0.011166112881882545,0.18477152067923172,0.11461513166983754,0.06907266078304691,-0.2807009931418843,-0.09251678751334638,0.004233674335828355,-0.28626501443583563,-0.029633245073481973,0.24919978145173488,-0.15146117753927454,0.13275051683476297,-0.07044016256878469,0.3283884070050724,-0.22073616682521316,-0.1691621615837679,0.25859845294254463,-0.04270073028336831,-0.09983116683779107,0.3638885156965457,1.7763568394002505e-15,-2.870490508261411e-16,1.700000000000001,0.0037546548116459155
0.013621171157519877,0.0706732228039844,-0.33253628580586186,0.06918814749943505,0.0002147510113429839,0.2079292442327415,0.1190960952367517,0.0767033226462747,-0.2895461145485411,-0.08119014074416361,0.02289815837362641,-0.3020057252015656,-0.04374317544939489,0.2602507352270294,-0.1625547225903241,0.13132066312710605,-0.08678429332725618,0.3479953969914799,-0.22496599565501105,-0.1683908669080444,0.2838957956504574,-0.051911516284245195,-0.10743906465513683,0.38306015094833995,1.865174681370263e-14,-8.131653069203782e-15,1.8000000000000071,0.0033039170169408046
0.014587922972184579,0.07126386005894622,-0.33065124387416855,0.06690364836594132,-0.002322698271574298,0.20302672330132662,0.11349445873181706,0.07966564494204877,-0.2906351053073192,-0.07691641386224068,0.02895364893920179,-0.3026529649393258,-0.04159502466482973,0.256281244958004,-0.17090335449299573,0.12333149076152242,-0.08885232646446715,0.35293024585436206,-0.2166381437918122,-0.1679264971235395,0.2917997611232769,-0.05175268966393224,-0.10893691183082198,0.3833236780103731,3.552713678800501e-15,-1.0646806625265475e-16,1.8999999999999992,0.004021970807608446
0.0033784559654338867,0.08371745337433383,-0.35022656662138335,0.08003256470118982,0.0010052698739342687,0.19017764545892446,0.10236299035966684,0.08523846973702376,-0.3197014664467689,-0.08007773339331685,0.0455790251009753,-0.32225307750909066,-0.04920756159709461,0.2693558644403987,-0.1902423335682058,0.14456933909915573,-0.10009895229095236,0.34985132220929416,-0.20043196107869846,-0.16013607840006985,0.31293237851812383,-0.0317714428393801,-0.11328388542638142,0.3885342845780389,4.440892098500626e-15,3.249560717085695e-16,2.000000000000001,0.0034621923082310954
0.004187593543817096,0.08409508697451018,-0.3488010582473942,0.07746052060311079,-0.0011909061362161014,0.18635150388300495,0.09737480574261859,0.08794163267357914,-0.3201006704155925,-0.07638904000878427,0.05064350164756903,-0.3226757187368034,-0.04746589485153178,0.26570933338932623,-0.19726967383386468,0.1377036615716882,-0.10151242562297408,0.3540933536337727,-0.19255960671600708,-0.15994767785295363,0.318706510780828,-0.03145738866279204,-0.1143613786593626,0.3887679395574208,4.440892098500626e-15,-1.774668122388967e-15,2.0999999999999988,0.0038406124192882024
0.0048923889470184395,0.08440172563508627,-0.3475141559907348,0.07499726489573648,-0.003188614597873865,0.18294769051795143,0.09279426868808044,0.09040734374450264,-0.3204111250784374,-0.07297643308154746,0.055288285015018084,-0.3230200822401015,-0.04584416904849514,0.2622805511377011,-0.20359259803291097,0.13137635052796443,-0.10278447087553823,0.3578230186829954,-0.1852906808052609,-0.15969456633070692,0.32382752011665183,-0.031094338903552315,-0.11533308730622314,0.38901191866616497,5.009326287108706e-13,-2.8369708910901924e-13,2.2000000000003372,0.002396844639340172
0.016739887630935806,0.09096379367003302,-0.3664222487446418,0.053064844248009564,-0.00017607999659706536,0.20661621833540272,0.10812241081517977,0.09663963880324608,-0.33487404518178054,-0.06936627334182992,0.046562401892839694,-0.3495019775771417,-0.029077310331989806,0.2683412290494508,-0.234917680346051,0.10100009226857516,-0.10257641470133666,0.4010106761794388,-0.217590455072808,-0.17807271555647683,0.34139674966815375,-0.06378355375719608,-0.11878928957237828,0.4202709393370878,3.0020430585864233e-13,-1.5539227524946635e-13,2.3000000000002028,0.002994420342300779
0.017179019278583015,0.09121915051293361,-0.3653675237754575,0.05082733665690669,-0.002076895325353315,0.2037468846894455,0.10399884527056436,0.0986270320750919,-0.3352266225550926,-0.06595490070994084,0.051019567826299836,-0.34969517657207727,-0.027490232170191194,0.2648230794020662,-0.24006443110504444,0.09498788177662044,-0.10391512705177552,0.4035634511711483,-0.21122097948122334,-0.17722278102382705,0.3461951695661051,-0.06321732819445047,-0.11958146285074601,0.42042688025618946,1.7763568394002505e-15,9.192809577069048e-16,2.4000000000000004,0.004072882071578031
0.02301746235931396,0.08852967484510048,-0.36561257540674585,0.050057187427162794,-0.0051461844056893925,0.20410101113141976,0.10165112055618981,0.09610603879695225,-0.3385475230460478,-0.053524308326080135,0.050083413768837445,-0.35280192849240727,-0.028782035236137773,0.2628679368966258,-0.24261788698978787,0.0932541989851451,-0.11426399573615341,0.4123813903140648,-0.20350668768631697,-0.1888611978236879,0.3553043259990611,-0.0629313097959049,-0.1292568175602613,0.4275169261691625,1.7763568394002505e-15,-2.4907031750360035e-15,2.500000000000002,0.00447037799141625
0.023351245786807317,0.08876548985046992,-0.3647746676129065,0.048065109009505017,-0.006898352522298921,0.20168341966296865,0.0980599046039017,0.09778748296132346,-0.33876246983384317,-0.05068764673779147,0.05398796318734883,-0.35279867712603363,-0.027246295006733777,0.259730309299891,-0.24696251000821018,0.08801299647478864,-0.11541864560339726,0.4143960480887091,-0.1979822787561197,-0.18794307837770796,0.3592922972041805,-0.06233740708887149,-0.12995230003564692,0.4276502992899029,6.217248937900877e-15,-2.2346275835633516e-15,2.6000000000000045,0.0035949791600708146
0.023647611029496342,0.0889667145235278,-0.3640004011125825,0.04617461049517941,-0.008521615941349231,0.1994844991690301,0.09472145477775551,0.09935249071719301,-0.3389512901354671,-0.048040209581080066,0.05761126656811266,-0.3527663120328926,-0.0258154048952971,0.2567747359529572,-0.25094088419954574,0.0831324599441237,-0.11648134972868193,0.4161901510942839,-0.19282955318150502,-0.1870507198395349,0.36291841101823613,-0.061755340288364144,-0.13059265344992407,0.4277895658946757,4.440892098500626e-15,-3.1996206588843354e-16,2.699999999999998,0.0025147589463627067
0.012792228889797981,0.09851492574964944,-0.3869430257724191,0.03983532858380704,-0.00622263165167112,0.2140168873459995,0.08293261719712088,0.11347032405893953,-0.36431644564880206,-0.05388654614559336,0.04863628371069848,-0.3806741906613078,-0.04610473616188991,0.2660011756510116,-0.27402628638246485,0.08979344512011304,-0.1236264597894422,0.4500441153585252,-0.1821052824458027,-0.23528276781340032,0.388420233589704,-0.05502803035441151,-0.15476659726031614,0.4595418388879828,9.059419880941277e-14,-5.724765483201002e-14,2.800000000000092,0.003321187375707143
0.012998050423414632,0.0987668186799404,-0.3863819131886408,0.0382199059322593,-0.008036950550526249,0.21206936232768814,0.07976675791316,0.1145047496897701,-0.3643590817476642,-0.0517045406066582,0.05239842974476186,-0.3805180667373465,-0.04458430813525276,0.2631921178536573,-0.2775196285958914,0.0853412045909609,-0.12518289936577448,0.4514283737744737,-0.17748379703125802,-0.23366408849209344,0.3917362088269407,-0.05432424836554205,-0.1552539249082694,0.4596078720503233,3.552713678800501e-15,2.6962626226601132e-15,2.8999999999999986,0.0040658017819122
0.013184542368308598,0.09899180868736156,-0.3858693289078563,0.036685658183153905,-0.009734572517420012,0.21028148133682545,0.07680529979382837,0.11547576084377868,-0.3643923083777203,-0.04965630324186859,0.05591240790694059,-0.38034315332145513,-0.043159822479179544,0.26053426322082873,-0.28074314716692617,0.08116832967186127,-0.1266323694940793,0.4526673339327225,-0.17315310576474954,-0.2321201360378063,0.3947822017283583,-0.05364557381731397,-0.15570290995662875,0.4596800474899311,3.552713678800501e-15,3.3850203508072784e-16,2.999999999999999,0.004106161902260302
-0.061741230209089455,0.002556068932312458,-0.38476945292747433,0.08363530708850501,0.008495728193139063,0.12210056638571803,0.049064122011644215,0.027636274411552777,-0.32952580033926415,-0.16985835834205512,-0.07587278823599135,-0.29512617829758087,-0.10476682441551655,0.22940808067570606,-0.0924891124413827,0.16118441546849546,-0.03944242735220424,0.16500420514093286,-0.25939949354524605,-0.20685548181758853,0.10869684978768586,-0.03509668217443738,-0.1106098459088024,0.2598037303902632,1.0658141036401503e-14,-2.2357249968765946e-15,1.1341144529200229,9.425348887082623e-10
