-0.06554064666014121,-0.0458640463394615,-0.2481020086691828,0.3565949557397363,0.1189523145686109,0.015895095420005327,-0.20365902059798024,0.08602875754671417,0.12814517598746417,-0.2328126363449817,0.12235877280178896,0.13311163896445258,-0.012653804030515468,-0.03905074524070176,-0.24574483409087883,0.07333358730669791,-0.20819851833845113,0.17368088706223636,-0.2888468534790665,0.027998066798708195,0.010893684101117476,0.28738233662338775,0.15880157838712605,0.10118138563034439,3.552713678800501e-15,-3.7313413472813186e-16,1.0341210769974327,0.00041777278978156524
-0.08705620203976486,-0.028510113282829173,-0.2534486998304347,0.3674381412018704,0.09621686846899244,0.023405257293736232,-0.19240431105833863,0.04746745566199695,0.1269812978951134,-0.2374641331595272,0.09319435996556671,0.13167111712045668,-0.03975045010058509,-0.02382214059226014,-0.2526709191116498,0.1255680286621659,-0.23285726181914876,0.14803225951635507,-0.28559269994252684,0.009148115531644643,0.011243618561767256,0.29929128531409827,0.13707250018801162,0.11517192769775654,5.329070518200751e-15,-1.8885834733085324e-16,1.1340565102200504,0.0005370357462972127
-0.11807590576258081,-0.02542752537209121,-0.2474778138509644,0.3699965926949055,0.08576856146784836,0.05529057863692751,-0.1953508335248953,0.04393531283651444,0.11114781928260306,-0.26179872576384494,0.08789201244978631,0.10861596142792855,-0.06530605568676934,-0.023023531022595547,-0.24834568940898022,0.15906880287402755,-0.23615016697519903,0.1453055780690151,-0.29264558677617014,0.00995619235446618,-0.012875835803407681,0.3138793026223163,0.12671492223700564,0.12873511696027376,7.265299473147024e-13,1.850001519975474e-15,1.306928024470039,0.0006673006399443938
-0.14378118069814183,-0.004241830046814177,-0.24210504641313252,0.3698669464131488,0.0845291809160217,0.07000728565954922,-0.21537503161841737,0.02227256003195524,0.09779176394595938,-0.27802318093377687,0.07282236442051711,0.10691100775560043,-0.08539747796683944,-0.0005289447915293178,-0.24216907798817697,0.17797286850675267,-0.2520078620935797,0.14701737584637495,-0.3036497600047305,0.0026757199283603114,-0.015496466965314861,0.3322865280234853,0.10168073596673605,0.12628301993071636,2.6645352591003757e-15,5.897538808821139e-16,1.416541524363197,0.0007946681344463972
-0.1700402242051596,-0.0036711520078166297,-0.2387478377394951,0.3842851312769129,0.056004905459165914,0.07633976951875404,-0.22350893010440925,0.028323847873544583,0.08120715722295928,-0.29023387831060676,0.08363130541681073,0.09125307396305225,-0.11245855559382839,-0.004216481683404316,-0.23979572150430972,0.20781514424783104,-0.2523072361220319,0.15283701558144785,-0.31133768221645164,0.015036153358636796,-0.022245851378219397,0.345918101754535,0.08209065742430331,0.13779855968848873,5.329070518200751e-15,0,1.5855222208943776,0.000851131484277781
-0.1808950748485901,-0.003985751797299248,-0.2366813858582883,0.3888093913864593,0.06310491297317214,0.08175476641584874,-0.21759492621071164,0.023645949960285288,0.08693011766384863,-0.29989950739794413,0.07661123632219849,0.08207849293743502,-0.12327237746688842,-0.003972786323631772,-0.2400299145401887,0.22360795919422585,-0.24621076261130584,0.16309411594041198,-0.3161567044826643,0.00928073497866609,-0.024861722894024968,0.3565911390448366,0.08262120611471993,0.1345223033518859,6.217248937900877e-15,7.42532124519293e-16,1.672033699647857,0.0009132081345649137
-0.19775341214679074,0.0003296651842040511,-0.23421592639568176,0.39662293391097075,0.06638294063168601,0.10011675607885806,-0.21408625362583378,0.0492223592008517,0.0684609970293636,-0.30434399838644544,0.10706299974619188,0.06025454641876202,-0.1362237751090763,-0.004457895346815709,-0.2417554091772119,0.2373816527033472,-0.23708928860840287,0.1564477593946659,-0.31519271002939386,0.029482226933675287,-0.05615694418102373,0.3701566920303858,0.08599966208116876,0.142842243047973,7.105427357601002e-15,-9.5606601582564e-16,1.8129425484690287,0.0011710844067280026
-0.21268473758972867,0.0008400879538694515,-0.22969306896300817,0.4124367545102531,0.04409947226555803,0.10132929142592058,-0.2166398103288667,0.05183201627952467,0.06638820024603892,-0.3100638868612336,0.1077612296475062,0.051853869443539265,-0.14741305738543753,-0.0069360417735831,-0.23847756689475685,0.25911727767577647,-0.24230516324938933,0.16469508194622776,-0.32013892886513323,0.036005843385916586,-0.053043186907440566,0.38843957415965813,0.06827906564252353,0.14278738695177998,4.440892098500626e-15,1.0308623920125373e-15,1.9547753619107051,0.0011753532307793412
-0.22504123132606862,0.005682170508146151,-0.2362361682387493,0.41218946165830755,0.029744371674166777,0.11019771364040977,-0.2128652250648628,0.04478448799377181,0.06292778043528054,-0.3225333144830952,0.10968369264927627,0.04254067475920749,-0.17728478878009504,-0.0013763511682635047,-0.2452475426150145,0.2637122237201693,-0.24535292746935283,0.16756527283675898,-0.3316355872948254,0.03484725600221205,-0.06278456500600774,0.3840000634158425,0.055454887349033755,0.15955724219662662,8.881784197001252e-15,1.0817071186558693e-15,2.05118980063267,0.0011738019033327874
-0.24063686238433465,-0.002639163928571377,-0.2262076517247255,0.4222772707224463,0.028001173255949936,0.12022933116476356,-0.220373269792572,0.04153605553613653,0.054734586050258785,-0.3286826812375625,0.1054667808251694,0.04006718766305397,-0.1882878242720797,-0.011303061015888552,-0.23764392107003968,0.2819833745550323,-0.2517802349001106,0.17366831638404143,-0.3345198898887822,0.028758577211644456,-0.06892364277552016,0.4039108549480483,0.04661968757752068,0.1532893982123426,9.769962616701378e-15,4.842039758763454e-16,2.1806608453280223,0.0013300365459965647
-0.24897945227810678,0.0034058126493219944,-0.22673424570399428,0.42070629460702136,0.031128383949680215,0.1304188457769169,-0.21756304319448638,0.05042341578800967,0.05987901292870137,-0.338982767685874,0.12004784449107826,0.03389047892730923,-0.20869744022525508,-0.004404803190540323,-0.23663280979577478,0.278160793428858,-0.2364915937566612,0.20169577690612858,-0.34557954359299586,0.03773946356291077,-0.06767072937314433,0.40344965867599175,0.05379242782647658,0.16021300797949847,1.7763568394002505e-15,1.6860417979011355e-15,2.249853988965523,0.0012709619277492862
-0.25322796928865837,0.0022339987667515855,-0.22858066825799334,0.4390983813648112,0.014492708601665094,0.13584199834254282,-0.22517433198479167,0.04423172604639614,0.04814943145938058,-0.3421988235288132,0.11144205943606343,0.025901591315388103,-0.213241770757566,-0.005556298936493836,-0.23745265253196685,0.30674219843509803,-0.2402693241326594,0.20667469821807108,-0.3467227354944832,0.036434916675580895,-0.06853774243972971,0.42048092064806875,0.041946586959027116,0.16920031169349067,9.769962616701378e-15,-1.3989468224643705e-15,2.400112909852069,0.0011345328652789264
-0.2671130011960386,-0.0067693995012602015,-0.21831132445352633,0.44571126383704407,0.01527233093747538,0.13936349505316625,-0.23476657659432884,0.0568877254054006,0.03518618109609904,-0.3425383462064129,0.12366040057787205,0.01873627265454808,-0.21725038007095307,-0.019876470766555833,-0.2295849293014947,0.3164515622059716,-0.2389594188940473,0.2065074500738603,-0.3460002627375714,0.04148339910005236,-0.07917545830371141,0.42946226249554215,0.03955474398292131,0.1697822786410619,8.881784197001252e-15,-2.071893540148544e-15,2.488261060097151,0.0011909650334017256
-0.2898645237677098,0.0043959971887422115,-0.2109065849331033,0.4609428286253296,0.008402186442938577,0.1414502516316169,-0.2444800771667128,0.062461538010726805,0.03894653959417956,-0.3578181812315314,0.12221301875319339,0.01561391782460654,-0.23403991472822824,-0.011084507642226024,-0.22568268059144939,0.3409678268986641,-0.2396620038789965,0.2042070777708709,-0.3598784144245845,0.04933716938040487,-0.07553201949416055,0.44670063612995325,0.02864872366231276,0.1712823329313039,7.105427357601002e-15,-5.250999251043204e-16,2.7026740880366775,0.00131838776099841
-0.29708332735814863,0.006310422251639326,-0.20844777530595443,0.4640214230372199,0.008548352909878432,0.15009648716151314,-0.24986595793792848,0.057227358156322905,0.043461073827245254,-0.3676360443036808,0.11532314847751118,0.017778314043086416,-0.24372013372448093,-0.007291898787797833,-0.22308037551157903,0.3492570504697544,-0.23722871388078198,0.21266446819236506,-0.3680673737044389,0.046883378846233524,-0.07067370895740926,0.45033394248821196,0.028407443435207107,0.17867211155004484,5.719869022868806e-13,1.3149013591107006e-15,2.7867243627858795,0.0011925195894979968
-0.3026228718635146,0.0026983595017664804,-0.2122041339253595,0.4720593511039447,-0.007579261917134662,0.15620727815525812,-0.25086627898070585,0.04489604055039034,0.03555426471849087,-0.3731555591286152,0.10753456338323458,0.015352840307964622,-0.2595915610180361,-0.00852151293558938,-0.22527759060371969,0.3599778640593672,-0.2490473629789577,0.21639411987687204,-0.37293107688519306,0.038785174860259564,-0.07558782074213377,0.45844599896401833,0.011326044836497014,0.18501313000903039,5.329070518200751e-15,1.6084326162774884e-15,2.8974946125271366,0.0011764638682737016
-0.31372332953622384,0.00501078692434174,-0.2016842244010984,0.4882286353745179,-0.009789895451007233,0.16433815691324574,-0.25018372329216226,0.0511957971280232,0.035453866537612955,-0.37487171921486,0.114640436793823,0.011963777819480994,-0.26610436230740303,-0.010184380154905219,-0.21838375618667796,0.38312213478220397,-0.24925988169620453,0.21310756734704256,-0.37396457493346397,0.04273862140722248,-0.07945076334187144,0.4764016266369082,0.0078088339003172125,0.1907239281753927,1.0658141036401503e-14,2.3781749399834746e-15,3.0600993638661196,0.0012336261669126725
-0.31965686465623816,0.011356774906666766,-0.21058004785910825,0.49819239537096066,-0.00817679963500892,0.17732767744652614,-0.2565836346878934,0.041894143980761155,0.025225975615313312,-0.388157415625494,0.11048995095554999,0.009227347833196451,-0.28885966692418513,0.003066287372413107,-0.22196825035806458,0.4022725326356174,-0.2375256312151179,0.22667687677497111,-0.38521415952350674,0.040232251965921575,-0.08176779791555962,0.4830196883425094,0.012525700803313571,0.20995927452702895,5.329070518200751e-15,-6.727546979815664e-16,3.231805660950973,0.0010930043125568455
-0.3286554244306128,0.015253508935082304,-0.2062161114112059,0.4997978281586893,-0.010583333618609728,0.19332667520879826,-0.26869262952786616,0.043425034247960306,0.0276513011973471,-0.3979252098536416,0.1052249063962642,0.006253947381234014,-0.2887753838093463,0.0044112850544086625,-0.22019367076868288,0.4056419169923238,-0.24358406777369424,0.23546017297159383,-0.3916333716575856,0.042723899329785514,-0.08324763718832477,0.4875608709432685,0.004275448548702197,0.219446721279302,1.5987211554602254e-14,1.1134600365065225e-15,3.3430521370018296,0.0010461770621886122
-0.3312799549399339,0.0236962521012565,-0.20984654816345305,0.5066847230929352,-0.0036681477475798583,0.19047434975321217,-0.25749816667909087,0.04216568421727497,0.03648514168115908,-0.4026818129342808,0.10230261312699204,0.0027982555512686158,-0.2938492215394612,0.015414416125755184,-0.22496606411703954,0.41385342567441874,-0.23708977855494387,0.2362461064190289,-0.39657571701229455,0.043991126653551565,-0.081777382559624,0.49583752380076074,0.007878892104167742,0.21377590982803177,8.881784197001252e-15,5.687424084774197e-16,3.415184131851616,0.0011080512616486223
-0.3380318892817677,0.02723754619030791,-0.22146971904445062,0.5171527063050745,-0.003632083876262398,0.19942448989892364,-0.2693750348669089,0.03836559577426651,0.018794061316933702,-0.4124818682267432,0.09835517827329304,-0.012621311068523803,-0.30328704606825685,0.019974712501864722,-0.2349463737652071,0.42948898057977003,-0.2335365438762902,0.24375439841513633,-0.40390087868456404,0.043139675010553644,-0.09550732371318225,0.5073154591161314,0.006384916561077692,0.21996310501132532,1.865174681370263e-14,6.498823789969345e-16,3.60222774139725,0.0011310090615549138
-0.33768043424277217,0.030055896182147962,-0.2243437567522004,0.5190631856507099,0.002362233986564143,0.21188687822853966,-0.269075178759094,0.04006544860458178,0.020139387121477312,-0.41619815270634447,0.09375931411747852,-0.01859673784227925,-0.3005740190103568,0.02318122865336541,-0.238386539533706,0.4372834568938362,-0.22482280738184723,0.2477843275730779,-0.40513550322217445,0.04392755244245665,-0.09891633771097633,0.5059242892701996,0.01331321126242325,0.23821951475262898,4.796163466380676e-14,-3.715848074130739e-15,3.667877699073,0.0011122281550732416
-0.34116647545178336,0.026151421395560127,-0.22308958494725495,0.5299513759366737,-0.002352935990070901,0.21531915045999794,-0.2705871849185151,0.0404378177172875,0.01884197666037029,-0.4172536297316598,0.09212566110896508,-0.022702935075615608,-0.3022285020827009,0.01784124399779579,-0.23788178269534732,0.4515574412177826,-0.22346385076167138,0.2505820538121851,-0.4062700421740281,0.04324728412071882,-0.09974400422696582,0.5172688118843508,0.0132682517149862,0.24119654118166634,3.552713678800501e-15,3.878885247573253e-15,3.777069439045148,0.0010069261766912224
-0.3523645944868936,0.0341383417783705,-0.22449713212180214,0.5464663607629797,-0.01792517508286779,0.21826720108161168,-0.2719835929880098,0.03622613983170592,0.017996497528793568,-0.425851269425457,0.09056411617936355,-0.02811244124120864,-0.315586856126415,0.026786416151985706,-0.24011215097959465,0.4674563684083353,-0.2368677077745599,0.2541236878173995,-0.41567340728468527,0.04507474172841908,-0.10186918860267764,0.5356772019211077,-0.008559505316905122,0.2411167323278719,7.993605777301127e-15,-3.441237774357245e-15,3.999472815042191,0.0010652687290964163
-0.35560353205178924,0.014158635942871142,-0.22149620658535957,0.5548934072041065,-0.023943956969781133,0.2268571536079693,-0.28049906900637755,0.028118576324037456,0.008876999412162459,-0.426822643354405,0.08204857871019876,-0.02910890462453908,-0.32047223598172575,0.006210674733938056,-0.23596452206045565,0.47996787464513685,-0.23772207291491168,0.2642192084592598,-0.4156990659277921,0.03200020093950219,-0.10466627737247435,0.5428707225129176,-0.011636387927183757,0.25214998455433674,9.769962616701378e-15,-5.570456609008226e-15,4.095854091202112,0.0010565244460405323
-0.356715886761493,0.02063352617443427,-0.22292685265933537,0.5553407310949178,-0.023400332781566148,0.23538683773746713,-0.2772003785589731,0.020628116710166705,0.013131684864619969,-0.4317084171497103,0.07436031973102525,-0.02852235462597292,-0.3233529362092436,0.014676307153412914,-0.23738679018948217,0.48117262857995646,-0.24290096597085606,0.2685195786230556,-0.41905128068572356,0.029288714418580792,-0.10485225448114027,0.5466241412124986,-0.01594420669817671,0.2533238129522173,1.4210854715202004e-14,-7.653567168183513e-15,4.146598766518618,0.0010818189147324382
-0.37636519846829863,0.011037239096013535,-0.2250801909297434,0.566036579914185,-0.02416283884193185,0.23153845901181996,-0.2915963049260504,0.022552161947119845,0.004050117618170087,-0.4460974064705561,0.07362894637619623,-0.03815091193479651,-0.3431771779558258,0.0035922507820928835,-0.24011307746224178,0.4989547166248021,-0.23134202243005453,0.2657534907410179,-0.43396038678346505,0.027297558326437293,-0.11079337779817339,0.5541403743049227,-0.0103809028175423,0.2569292977696098,7.105427357601002e-15,-4.05770299670718e-15,4.364004705421027,0.0010232514668173378
-0.3857254402859917,0.011820464615692697,-0.2307086652499718,0.5711686691897807,-0.027192049166672064,0.2293237973267498,-0.2944904631225115,0.0218044076201178,-0.0012349691169746214,-0.454291902407838,0.0759240541848654,-0.04564696901577651,-0.35645564269354585,0.0051370633717865485,-0.244813303758003,0.5010056824758973,-0.23266473784641936,0.2735407183719056,-0.44337333329007367,0.026915488232552475,-0.11585257809222249,0.5624179387790543,-0.01537978725433892,0.24828347281202506,2.398081733190338e-14,-5.79335959505704e-15,4.48876939587482,0.0010704066687688054
-0.3865556676452312,0.013050088280235296,-0.224585665917257,0.5756273461634144,-0.02688736578599077,0.24494636457281255,-0.2966932943814968,0.02435547667644936,0.0002416883923854452,-0.4545367888820583,0.07285440692022913,-0.04363233886969812,-0.3522754940168013,0.004957570809397522,-0.2411711904226729,0.5125992413373033,-0.23417476117766942,0.269944102908675,-0.4404194931644942,0.028326291149448277,-0.1181087495307139,0.5659227752778244,-0.015301246276927626,0.2656440803615489,1.509903313490213e-14,2.0263720951076194e-15,4.56298430622034,0.0009581869131854139
-0.3947159542808676,0.015588478865107946,-0.2315177267030992,0.5842925001490655,-0.031051052646791692,0.24040127487813856,-0.29644266289127097,0.019935578818024893,0.0016177815471886282,-0.4634863003199421,0.07277732517155538,-0.05077079421651685,-0.36598414466063844,0.009124515488109854,-0.24595609327710907,0.5147690838202552,-0.23297708019993046,0.2879212255591382,-0.4525901620880462,0.027638058667473018,-0.11618197827027638,0.5757268413485513,-0.022882626768107678,0.2588579608982056,1.0658141036401503e-14,1.830429183365533e-15,4.710582964647465,0.0009735572835568814
-0.40071204410953104,0.017214635028216557,-0.22888662243406674,0.587403529027564,-0.02670003930758679,0.2494278924255963,-0.29532604110131366,0.024250800154311348,0.0013505947529524145,-0.46861382896973386,0.07761992864406869,-0.049185897777816304,-0.3750219887219069,0.011248622430893246,-0.24288634006861265,0.5210328217351,-0.2272224889791906,0.2913734353575148,-0.45633827236918034,0.030685568213091874,-0.1184136695551547,0.5792009696747863,-0.016719742529871053,0.26711411731734,2.842170943040401e-14,1.1331067300712957e-15,4.802879103360143,0.0010018991174067082
-0.4066290943375388,0.016733940927869746,-0.22969074397756836,0.598919082541195,-0.037413480422120525,0.25213538315851564,-0.28945222451373587,0.027932101651778216,0.0008765927157383489,-0.46943156111619355,0.08561229753944131,-0.05825838842530893,-0.37934229385228224,0.008151263079119387,-0.2457729117337411,0.5309507461906677,-0.23381779419195486,0.2955894604340976,-0.4579818074498943,0.036306262334151324,-0.12559270242517956,0.5914209638493181,-0.027529369635040962,0.26876770803612104,1.865174681370263e-14,2.340007196842814e-15,4.959273195174445,0.0010269131345053565
-0.4066057708086541,0.018551080354440343,-0.23328872176868765,0.6108938671372154,-0.03283593794259799,0.24753668926009517,-0.2984393191711584,0.022337013156880463,-0.0028274540927351864,-0.47292815331963767,0.07345526510688598,-0.05766758119021276,-0.38073393773357805,0.012635882705470482,-0.2474538273357462,0.5457519395047011,-0.22624417692234602,0.2956037196291753,-0.461913346203729,0.031280544015324575,-0.12001882133560032,0.6024660799292656,-0.02314198141279839,0.26624561255676044,8.881784197001252e-15,3.9994724196105345e-15,5.056006315406785,0.0009411350323439883
-0.4129923995333648,0.010625655328590047,-0.2342377176206754,0.6165986390173658,-0.03497428592181865,0.25566114501711684,-0.3076948690280457,0.026829740128680977,-0.005091200483530413,-0.47914796631968487,0.0731358474591262,-0.06264896832836844,-0.3880290537336866,0.004121931264162604,-0.24713864653998996,0.5537463701144364,-0.21378844279807546,0.3089392571059077,-0.4690737853643321,0.031425104996172834,-0.11873560212415124,0.6037831999224997,-0.01562975369796526,0.2840427933309722,1.4210854715202004e-14,1.1994477389724058e-14,5.190950044719805,0.0008288941069883434
-0.41756264441644264,0.012378868910233145,-0.23530300874279744,0.6219135843366979,-0.038380088497142716,0.2593406796459106,-0.3098221311626426,0.027364663122921976,-0.006110641097847593,-0.4834722642375132,0.07559461025060789,-0.06440062886868074,-0.3951592223086158,0.006260752206627977,-0.24708755412044145,0.558597251556278,-0.21259551007413657,0.31597814122979906,-0.4741156398178414,0.03302771836520961,-0.11863787560722268,0.6086461510498756,-0.017851910725404575,0.28893326395977553,6.217248937900877e-15,9.073611969109536e-15,5.294110507917249,0.0007654914297784872
-0.4241972530761815,0.020656382245417847,-0.24155465258961129,0.6262452239410896,-0.04189191684754422,0.26234932747616235,-0.3333271448008645,0.030347633715189625,-0.024451522559556415,-0.4881042010499494,0.072579633010906,-0.07743754486281931,-0.3899989437728895,0.012441603765840312,-0.2579014911875905,0.5666284889163791,-0.2291443791094649,0.30009367218429833,-0.47544850304961883,0.03787477991854057,-0.1361150634082069,0.617106253051224,-0.031240487098487205,0.2826043768305604,1.5987211554602254e-14,1.5063870535138318e-15,5.427331338304522,0.0007978796679368336
-0.4306553352153937,0.024092713867648274,-0.24570418104162672,0.6322217641865758,-0.038526939627449526,0.2656300883602437,-0.34476494474435215,0.02945573995104079,-0.03241368606424856,-0.4955828231709656,0.07070875951251332,-0.0815502787212843,-0.3979110315829133,0.01733434168596887,-0.2609201281812677,0.5735546328885649,-0.22612191494087946,0.30452487725228755,-0.4826533053022328,0.03725560343154163,-0.13963296196063438,0.6238949750382551,-0.03092662446255274,0.2837956082716353,7.993605777301127e-15,5.365840398130824e-15,5.5633028644723215,0.0008010491888017559
-0.44469341257118694,0.02714593863001978,-0.2328682286050728,0.6404394844077589,-0.057299910956482694,0.27310068942732496,-0.3589874119787228,0.027742020076329487,-0.03269263731639002,-0.5065026886034466,0.07425382790236006,-0.0659363523727667,-0.4185524960611887,0.021146273014347437,-0.24598902844936774,0.5838269880840831,-0.2421305005377659,0.30408499449314635,-0.4930603546810997,0.03858669468541895,-0.13088309781927016,0.6320350132388897,-0.04905071396058257,0.2924128709407013,1.7763568394002505e-14,5.577618579558164e-16,5.741568218631588,0.0007238548426371837
-0.4483277908865969,0.02734222903559136,-0.23721699019455714,0.6449443713467327,-0.056918870970789355,0.27584302797767923,-0.35281305646362954,0.027468972967006698,-0.029256635352817566,-0.5103405482486445,0.07823544155184911,-0.0722551964225537,-0.4255304613307303,0.022148693127886494,-0.24934786955115276,0.5813280767042509,-0.23960475518618926,0.3256892278672794,-0.49917460602640285,0.0386584849319211,-0.13135360710246408,0.6401560019676872,-0.05138033645812875,0.2868762436014618,2.5757174171303632e-14,5.109346412049713e-15,5.84392396124808,0.0007171294614332094
-0.4490281007028254,0.03383463529202884,-0.24284895744082968,0.6502592166229233,-0.06465488446262115,0.27992314984649724,-0.35205148476996806,0.02486683156340551,-0.031208101457786158,-0.5135266450518797,0.07728772430946,-0.07628349637360277,-0.4292088653485995,0.030149874106577903,-0.25345958549286796,0.5882752994975206,-0.24204175101608055,0.3266467997151343,-0.5027535643764046,0.039994605609530345,-0.132967521386596,0.6422566754526613,-0.056631943937734686,0.29812985580722107,2.220446049250313e-14,3.71538497592332e-16,5.9493711619932625,0.0006699155623648566
-0.4624540468062097,0.024623178663837047,-0.24426270144588186,0.6590940672111645,-0.04988260544646298,0.2767340546798803,-0.3634814428114335,0.028527032628127533,-0.030957432688405027,-0.5241940847321265,0.07226600419863068,-0.08481429303145444,-0.43745034275373806,0.01880573938248464,-0.25722714333714514,0.5986648983651219,-0.2219994662810472,0.333508370907192,-0.5140184008734273,0.039313157480652755,-0.13449345961896778,0.6524297220654708,-0.04038800781146049,0.2922816655304949,1.6964207816272392e-13,4.16601221380967e-15,6.1263840175459325,0.0007127688588261117
-0.4637146554560707,0.021949082251301603,-0.24402215271734687,0.6615189525615659,-0.058153317935957544,0.28171199105594574,-0.3673260605890002,0.02389757757180414,-0.03500844126534758,-0.5254403602837686,0.06521785803575952,-0.0850918603589648,-0.4374687506368237,0.016158935671498398,-0.25767135652182543,0.6050869554020164,-0.23292041751042533,0.3258813749756838,-0.5136856002045713,0.03407519798188151,-0.13834590364854665,0.6531307123501635,-0.04969039994954776,0.30086129571503556,1.7763568394002505e-14,-6.734117668469239e-15,6.181456269531182,0.0006970872598669733
-0.4632185137320751,0.028002757212974884,-0.2445481409601653,0.6777064087882431,-0.056875745365199806,0.27882003379938725,-0.37122694165054515,0.031361483929236045,-0.03503074349554555,-0.5236001375518371,0.07076000422030135,-0.08839217779408788,-0.4351336988795345,0.021921772712619976,-0.25825003253234113,0.6171407567004967,-0.22780796514178964,0.3362845775690991,-0.5140236448292793,0.04133588821054641,-0.13471891042675613,0.6719227858592408,-0.04979120807417402,0.2924795156593446,2.7533531010703882e-14,9.735886358215889e-15,6.320221142340005,0.0007127186014380304
-0.47367622874939136,0.022261441227292938,-0.2472207772476051,0.6918244931745381,-0.052706492203445476,0.27118690344898017,-0.38957885789001945,0.04147139202965824,-0.04649190547756365,-0.5316774582737525,0.07875010141039397,-0.09175568212681981,-0.45113780210343735,0.016183700652185926,-0.2571623915956446,0.6300285990414958,-0.20379446067286394,0.34732647581981696,-0.524150141757262,0.04724596299732285,-0.13291024157811568,0.6801239925121816,-0.0394138150932702,0.2993229174625473,2.930988785010413e-14,-5.2489891909112245e-15,6.521198831519898,0.000549895880449668
-0.4803113786834937,0.020378536289182056,-0.24544174094855,0.6920592792381451,-0.062200838632289375,0.2797877466274949,-0.3870807502580126,0.03991907724620051,-0.04703726972229546,-0.5357393505723863,0.08227073833294969,-0.09379256622817742,-0.4583506029886295,0.013496800832730893,-0.25630319825463954,0.631534113883095,-0.21525893328858833,0.348061333480983,-0.5277433283463436,0.04639114109428387,-0.13843049650300285,0.6820041153114389,-0.04759308919141971,0.30439542812095643,1.509903313490213e-14,-4.683011242624809e-15,6.616598490119925,0.0006268892781306755
-0.48032636930387956,0.02235746945095141,-0.24698577204475577,0.7032732740959632,-0.05881359400058942,0.2816943711839604,-0.3973689099980854,0.03709205408625669,-0.05223991718191577,-0.5369603106598996,0.07540989772594782,-0.0950027580584275,-0.4561337764379246,0.015911981611345938,-0.2580094180705965,0.643211582514657,-0.2162344938270338,0.3501512531225398,-0.5281731916615954,0.043908775145492414,-0.1393139189233624,0.6950848731752529,-0.05020438085068354,0.30129569263590583,1.7763568394002505e-14,4.160502348655069e-15,6.736984027713049,0.0006007507475531912
-0.48889217171685406,0.02718480275575,-0.2453815783033482,0.7105536592698549,-0.06698776246956217,0.2894595864849065,-0.3978170193172212,0.04316307729265185,-0.05302438208282288,-0.5424228430050653,0.08394954380927801,-0.09805075486965163,-0.46448519100273195,0.019715842898345343,-0.25764812716161184,0.651066335089699,-0.22432982074768462,0.3525185303265223,-0.5335389279422659,0.05025468592672427,-0.14392802108430733,0.7047110035354658,-0.057227592242324425,0.30417309558135175,3.4638958368304884e-14,2.1615138343454947e-15,6.9223771725615855,0.0005218402877362336
-0.48780847306536057,0.025496842079386513,-0.2475965389522155,0.7201386190699374,-0.06291882911747937,0.29222186738689016,-0.4046377838033455,0.04214830470360694,-0.05215510198157097,-0.5429935383690757,0.07652069534288738,-0.10141444603612104,-0.46024341980860956,0.01785676957117954,-0.2598666588343096,0.6611871241979511,-0.21489082236681697,0.360562702791528,-0.5347756116500354,0.048916967988226714,-0.14092180577837726,0.711551109320536,-0.05296392454761873,0.3130070863764506,2.4868995751603507e-14,-3.996973387764771e-15,7.0246898964867315,0.0005399306861528786
-0.5029010907962753,0.019874094707088577,-0.2531369121808689,0.7176487378599823,-0.07394386984880238,0.28805188841647467,-0.3806911537258949,0.03640464328347899,-0.04396340325438833,-0.5572182043381537,0.07687354124354483,-0.10560522607622497,-0.48479198282349967,0.013798453530979075,-0.26418835208179664,0.6636082998471642,-0.2135459271880707,0.3497658676818695,-0.5495534797916689,0.04598211027210923,-0.14563161236936806,0.7024295371071335,-0.05340665887100067,0.3257829816021807,9.769962616701378e-15,-1.8323508578961358e-14,7.156357412104543,0.0005222891981964437
-0.5094993092580358,0.009103757443629311,-0.25201803173837,0.7287902068815503,-0.06251547472736786,0.28899074616712694,-0.3907628218932444,0.037244474863999406,-0.05544407588675084,-0.5596153842363605,0.08098668059373254,-0.11116432856940504,-0.4928038601685381,0.00213613091178285,-0.2620944469434665,0.6750218976132504,-0.19878478665203583,0.3573229603407133,-0.5525128591472711,0.04203977271025502,-0.1517415723923904,0.7170756300069979,-0.03963607356594228,0.3186166923519738,2.7533531010703882e-14,1.5477675330208365e-14,7.313338003901763,0.0005909909733614871
-0.515038643124226,0.022603563470409312,-0.254101322341811,0.7274804302022139,-0.06472673630483798,0.29629785113893947,-0.3880944286637707,0.03257647544129381,-0.051974045403861246,-0.5681886505301834,0.07803730215386451,-0.10846318918647854,-0.49863613245275185,0.017098538212855563,-0.2651389243778704,0.6775079427686702,-0.21172969063242403,0.34851405804816854,-0.5585923050427579,0.04339205286119542,-0.15497789857462999,0.71471963798253,-0.05006679598959698,0.3273414875074293,2.4868995751603507e-14,-5.241153316825409e-15,7.40519407832047,0.0005822243369124095
-0.5167199815333224,0.013781368972786203,-0.2557932284655531,0.7377097883680922,-0.059472079789404796,0.28838110643187087,-0.40816338182453016,0.035095877032672335,-0.06265302495589302,-0.568515168250887,0.07524558494352558,-0.11252267664403247,-0.4996798185665825,0.007899821562518814,-0.2656214988804271,0.6866782022557695,-0.19741575851496257,0.35267723039278154,-0.5606722153624423,0.04046450333966163,-0.15330273323938953,0.7234679650921477,-0.04133298664940773,0.3235536459129192,4.440892098500626e-15,-2.1308228557398313e-15,7.489852112470202,0.000535344555285212
-0.5192200340229884,0.01775722840319691,-0.2662758230347529,0.737691857634989,-0.06418613696196201,0.2986711791166342,-0.40980962976905716,0.04196556320157842,-0.07348077441939126,-0.5701784140476998,0.07951196287934266,-0.12927501036156092,-0.49747381020450954,0.009633952084130046,-0.2787622438333211,0.6860834503705125,-0.20630757909162534,0.3568572920629911,-0.5610179250267457,0.04657293309380714,-0.17114258488615774,0.7259705865026111,-0.048015561206354675,0.3270201118015398,6.217248937900877e-15,-3.538927238373275e-15,7.612136784252757,0.0005815724639524055
-0.5265653816893673,0.020537510943421277,-0.2661292105348753,0.7407712704444992,-0.05955116429679831,0.3006285932432126,-0.4174132183643948,0.043596923701213486,-0.08004591313084411,-0.5756893063844312,0.08310656538783918,-0.13163892339770153,-0.5039617777788655,0.011579569112109141,-0.27961032440355327,0.6914815364099678,-0.207144857017566,0.35189338173048007,-0.5650640694850072,0.04845656833043431,-0.17806248845213632,0.7310507034052666,-0.046599253391302976,0.32415215203975617,2.1405099914773018e-13,7.983864886706444e-15,7.7221220786573355,0.0005844001367095665
-0.5321447620675571,0.02779159450295446,-0.26078842469221836,0.7526723655639823,-0.06310567191089067,0.30148763560943875,-0.4237647072163052,0.03956806277786047,-0.06197409925891158,-0.5851460710583943,0.07384627379437811,-0.12033700378741446,-0.5112868513614368,0.021836367542837187,-0.2726520797042027,0.7028299370762344,-0.20044033027393796,0.36244385893536646,-0.5771800841052422,0.04921060879877363,-0.15616696636451005,0.7395438377611603,-0.04777652720345656,0.3338661536931453,8.881784197001252e-15,-6.408418091581e-15,7.89359297894796,0.00045137050322237147
-0.5313674860209567,0.026157405937748273,-0.2657748341003586,0.7620192663643783,-0.0690074320345462,0.3028977267638937,-0.4237775462418711,0.037405038919116756,-0.06940571407564071,-0.5854212814605596,0.07559983177136513,-0.12222973727029188,-0.51719964049421,0.0220741799484535,-0.27389874150239707,0.7103563141178488,-0.19864927332786678,0.3711701637251982,-0.5782568333299306,0.0473250200234423,-0.15758725356550043,0.7473615294752857,-0.05139162127454501,0.3390473230188974,1.1546319456101628e-14,8.563453285349705e-15,8.013790135045324,0.0004077233423516065
-0.5390246144361802,0.03537406156590563,-0.272064388169175,0.7675551775811046,-0.07570751983108752,0.30208064727155665,-0.40781669255488223,0.03723116248001734,-0.06541747247287856,-0.5917327196624557,0.08097552602376325,-0.13152454743770234,-0.524223347332239,0.031082073105296284,-0.28209117653238136,0.7108744963718059,-0.21303495410254036,0.3758659603836536,-0.5849475330197047,0.05215261447976013,-0.16663784851273217,0.7605159788411967,-0.06799594532991607,0.319532468723769,1.234568003383174e-13,1.4177827418579354e-14,8.189339739221047,0.0005319527667886341
-0.545199058829175,0.027513455785716776,-0.27047047783491773,0.7757087214244028,-0.08054636364651425,0.299088029337734,-0.4110975353859541,0.03873605006463015,-0.06971913665213347,-0.5948957508184176,0.08539817435389178,-0.1314956844823276,-0.5339070671226317,0.023352945414736013,-0.2783510523507343,0.7201256615296431,-0.20734175109794492,0.37632562629306454,-0.5891380698602973,0.05187600508753264,-0.16628600172188526,0.7674515961021383,-0.06475923126430355,0.32103449287919816,2.4868995751603507e-14,3.392779696512851e-14,8.315494626920117,0.00044552658316589813
-0.5497018552213009,0.03695477019667629,-0.27456014031768716,0.7728423603832086,-0.07221759911333121,0.3063223628911574,-0.42005709022477195,0.04229710661227711,-0.07451083277784627,-0.6007437970106395,0.08549279105448375,-0.1369169708426024,-0.5344279679914802,0.031793521872348865,-0.2850354898699244,0.7200946709927507,-0.20898597593503423,0.37163622111991196,-0.5927636649504767,0.05648366438728471,-0.17488517252254426,0.7637359267226972,-0.062446063116563776,0.3288416879950608,1.7497114868092467e-13,3.7878872016853855e-14,8.385438962842219,0.0004057428116697486
-0.5542934657846109,0.03141374999145721,-0.27230482497825975,0.7858223486998981,-0.07952874326194757,0.30858446920881705,-0.42803434124544487,0.04429063029629143,-0.07287915911458712,-0.6038860653392639,0.08437449404228353,-0.13712521594617202,-0.539231162680356,0.02611217797282635,-0.2821209760140165,0.7283541947485185,-0.20644993394924993,0.3904052821676809,-0.5977436026565687,0.057192422475043116,-0.16900371919237153,0.780009514282081,-0.06947868491386291,0.32382068624944194,1.4210854715202004e-14,-4.305580147232993e-14,8.57635788105241,0.0003951282405583809
-0.5542190631993551,0.03285403968435691,-0.2737351272368795,0.7885913146252399,-0.07886151555212725,0.30909661895872576,-0.4240706684180676,0.04322837363006955,-0.0714024712994711,-0.603943937206956,0.08334008047404165,-0.13922841258268334,-0.5388518186948166,0.02744443722525054,-0.28395038410596096,0.7305043119010124,-0.20730283120047482,0.3919232812950482,-0.5982975394023251,0.05530537033589976,-0.16994963224706117,0.7827561351059826,-0.072165501795621,0.32378918220788094,4.3520742565306136e-14,-5.072322953488009e-14,8.615188879474239,0.00041464963446175116
-0.5606356133164613,0.03227236090198934,-0.2766423950935163,0.7874779663387033,-0.07542419173436575,0.3189946541147011,-0.4316277717619069,0.044877114377222624,-0.07363361601393943,-0.6108998167030251,0.08428027016685327,-0.143856446245964,-0.5453917820232735,0.026859450432242988,-0.28657255796625225,0.728600676846541,-0.20023147353631202,0.4047664859160247,-0.6053306568854154,0.0568239683380354,-0.17299107108287862,0.7818416517910277,-0.06829449207934578,0.33300028414587857,1.5987211554602254e-14,-2.2715150699531136e-15,8.729595240624695,0.00045140528466385135
-0.5629174946054971,0.02887784358462113,-0.2736675688629627,0.8033800352651562,-0.07344169785819983,0.31898266475605447,-0.42393893679816624,0.04583961530279387,-0.075277272066811,-0.6100236620311404,0.08700970392015467,-0.1442175592540632,-0.5482660721396881,0.022718595419053567,-0.28407595907178657,0.748877097321961,-0.19854251867434827,0.3965727527424079,-0.6035915268244326,0.056989418889757976,-0.17688381537874204,0.7978941228218768,-0.06152850682203735,0.3335602308937692,1.4210854715202004e-14,-1.9406395496123577e-14,8.906867314643927,0.0004796626286520527
-0.5701502485440276,0.025421562187995288,-0.27245441305844464,0.8060359689439046,-0.07182776329122569,0.31944195360567684,-0.42750573120717217,0.045073401811258185,-0.07817117128327278,-0.6146840427649298,0.08713400288267231,-0.1473475105443877,-0.5537488812310363,0.01775523655543407,-0.2845566676127719,0.7522989953240773,-0.20127610649300529,0.3943839268836686,-0.6073494623275428,0.055651094672878,-0.18279811243129107,0.8008027374511696,-0.06405943736970841,0.3328628594302389,2.842170943040401e-14,5.180813361666224e-14,9.00644019303317,0.0004866685470580304
-0.5715020171746832,0.029951436051280637,-0.27389513050491643,0.8096939975028955,-0.0748795460298067,0.32673252934689206,-0.4297443556020732,0.047801555749923424,-0.07936802138213397,-0.6166553747566689,0.08850209453374983,-0.14879546919044156,-0.5548559962059809,0.022341502408277016,-0.28614715028826554,0.7585474841688564,-0.20376147028420807,0.39405669759000916,-0.6090147317108617,0.05822014663621795,-0.18437260510600934,0.8030954284594817,-0.06336150681397854,0.34385161221757227,1.509903313490213e-14,-4.171924236069987e-14,9.109661301810005,0.0004907444188714422
-0.5798539139398479,0.030292427366374747,-0.27675092974375104,0.8163347647968887,-0.07838389401269973,0.3359138848077695,-0.45030977875339034,0.04565630964846086,-0.08464341019106579,-0.6259656809334685,0.08156111115521099,-0.15298220083488215,-0.5607274150381649,0.02269837619871701,-0.2898319883468847,0.7662744252722842,-0.2077655902120559,0.4008933668690736,-0.6184188626791228,0.054886055680320976,-0.18606107360492447,0.809258292557698,-0.06894986756382562,0.353674766730526,2.042810365310288e-14,3.473520775504735e-14,9.339311564314789,0.0004665646428831955
-0.5815590238291795,0.029749592753684828,-0.27616742760714474,0.8171761392853999,-0.07878610065256557,0.33936034327338294,-0.4526964258314681,0.04722164267073913,-0.08575398862675596,-0.6271577186757588,0.0824991099407289,-0.1536152324011117,-0.5619344092060128,0.021903909710457026,-0.2895733241386152,0.766994678172342,-0.20845101264387278,0.4040234680125938,-0.6192586844486306,0.056115041054821665,-0.18731725643761202,0.8112298799790781,-0.06914898001183817,0.35452189534919987,2.220446049250313e-14,3.254909455324992e-16,9.381637766480674,0.0004973366890323115
-0.5881310991499175,0.033183849115189616,-0.27320567786108074,0.8245778670884593,-0.08829697170489277,0.33524812241601126,-0.47702586607530567,0.04536113245601522,-0.09458325532207802,-0.6352311327190635,0.08915145619078042,-0.14180400623836825,-0.5789867012653319,0.029768092567673588,-0.279049475082306,0.771484446747469,-0.20573687848724848,0.4129526418668262,-0.6289818857902071,0.05749138164055133,-0.17540482952530487,0.8162853125570887,-0.07652407958307234,0.35678315876149,1.5987211554602254e-14,1.4162510440851637e-14,9.515304689089197,0.0003319984423375812
-0.5931812911697649,0.03701643291684471,-0.2719847003124697,0.832172590312667,-0.0903973662677507,0.3407786535972808,-0.48120321525887266,0.04704440899793317,-0.09383222191752645,-0.6396493370392651,0.0893260457446539,-0.14253105500294835,-0.5819281388332337,0.03273185938422386,-0.27927072106304385,0.7803056059486263,-0.21150482506581122,0.4137474442341539,-0.6327908937665443,0.060101031096612766,-0.1767181859939798,0.8271212600474755,-0.07923876619277329,0.35471307778681505,3.4638958368304884e-14,-7.82998736190925e-15,9.686009453159562,0.0002922538723378285
-0.6050729742722606,0.03550303177988517,-0.278005013228176,0.8279544353056526,-0.0888737584016198,0.33484303759107825,-0.4743198369868228,0.051688272610095315,-0.0916481923779336,-0.649753836342763,0.09010306972147002,-0.15287600826615552,-0.591541832221306,0.0299100684817287,-0.28758962153790607,0.7730981607312997,-0.20963068129936496,0.4149306666968889,-0.6432232390925456,0.06275477833336326,-0.18484845095661193,0.8250188729078655,-0.08300968000458457,0.34285108978750384,4.1744385725905886e-14,-4.882115749383219e-15,9.772042075423373,0.0004013953331417216
-0.6065314298789237,0.03475735566857834,-0.27966018924700986,0.8354165444469294,-0.09550849445269347,0.3370585099414827,-0.4776779137053899,0.05070056414117129,-0.09393443921563487,-0.6502939879351926,0.09249982733629646,-0.1560143223477315,-0.5941800455179238,0.029437821821410148,-0.28827817460585403,0.7814951157142319,-0.20885267987809217,0.41760718512873657,-0.6452419736161474,0.06298722348565773,-0.18489832720413085,0.8301918701742,-0.08394456906024764,0.3516082086456122,1.7763568394002505e-14,3.087922358402769e-14,9.900256094435148,0.00035352107481983455
-0.6041213363653156,0.03722828158200411,-0.27791335459409144,0.8430320470546147,-0.0920361087220083,0.3517412409951814,-0.4867525610048494,0.049489618542459875,-0.09676186228712996,-0.6498521241289779,0.08810788745628033,-0.15332409141616815,-0.5907502429362865,0.032054249690166105,-0.2867301393502069,0.7906770366041386,-0.2113309803491639,0.4259901781710277,-0.6432901207289293,0.060736142496034866,-0.18464908356631834,0.8365767934905489,-0.08446001842609663,0.3681076737852413,4.5297099404706387e-13,5.682345892308257e-14,10.023406939805204,0.0003510888189689517
-0.6119114112823358,0.03617959782254672,-0.2788391412085422,0.8494496595232407,-0.09201485635279524,0.3607223337734535,-0.4933006401155699,0.04744884049367201,-0.09993348077000833,-0.6569843639723948,0.08685734631764622,-0.15663177466860517,-0.5979571606274074,0.031164556666780557,-0.2883674128826775,0.7985356603191067,-0.21402981023645903,0.4307427163074769,-0.6497900346700347,0.058957793798733234,-0.18933801797933275,0.8456589303378155,-0.08480782601706009,0.3707685555919784,1.6076029396572267e-13,-7.068330047244653e-15,10.23772577026035,0.0003515698484708059
-0.6200845892272284,0.032523562475546164,-0.2793873892784912,0.8581104787435472,-0.0955598247726592,0.3482427432598305,-0.494769438258697,0.05256298069689842,-0.09526345454899349,-0.6631894859602137,0.08609744888883279,-0.1595664411443201,-0.6052447294363653,0.026380439610023343,-0.2893134774826996,0.8038845214412504,-0.20533942715612555,0.43344667746098764,-0.6580093484595573,0.06274005593693228,-0.18518457488622134,0.8540386752333755,-0.08821139536470744,0.35929309921483016,5.595524044110789e-14,-1.0909029380114016e-14,10.377272744819653,0.00034487380750701686
-0.6165708732707135,0.037218838075562144,-0.28392083682902114,0.8598429911538922,-0.09946226992788838,0.35327387492751855,-0.4762893681357929,0.04708895170649736,-0.08873105789028947,-0.6618271784056406,0.08478199092423769,-0.16181136555297304,-0.6031825703666057,0.03193318993896053,-0.2937034571883805,0.8063346557300961,-0.21050798294026157,0.4346334592497631,-0.6564760627258059,0.06301424375327437,-0.1871266397424364,0.8553867504759554,-0.09083609489351001,0.365376958408922,4.085620730620576e-14,-2.8868496405412836e-14,10.413989459157278,0.00033599066202471834
-0.6204960335922546,0.04018642326866041,-0.28606870098520704,0.8656279762226449,-0.0965175147848786,0.3564974095397919,-0.47925286376158194,0.04767001082770978,-0.09404430516962708,-0.6658476447047937,0.08759549540390811,-0.1634359167710973,-0.6088493964982095,0.03586010235036763,-0.29490229630147613,0.8125636750496606,-0.21016586053294609,0.435989199310498,-0.65991870621185,0.06348666599410198,-0.1913405932449522,0.8614312839513153,-0.09061243719113816,0.3674299985736849,1.0480505352461478e-13,1.710286901725728e-14,10.555816638366908,0.0003091265374074582
-0.6232519215715201,0.0368756650080479,-0.2887759614534123,0.8740988291851085,-0.09528060610643166,0.35867756302546505,-0.49144940563141715,0.042152010810375326,-0.10168986779586743,-0.6701502145623006,0.08086097241139112,-0.1635983718148532,-0.6136603681559499,0.03358466845922733,-0.2957717459643825,0.8238947218043341,-0.20658313478014123,0.43453176350662276,-0.6636365178105298,0.05800845839821058,-0.19231742854429623,0.8669399788272482,-0.08621207735926477,0.37703955289277835,5.417888360170764e-14,-1.969353747682123e-14,10.709954178683274,0.0002766977052981381
-0.630417786828295,0.03544130233529925,-0.2872868851847763,0.8781505699860034,-0.10255908142527353,0.360450661627723,-0.48983630123525884,0.04805483747042767,-0.09847216580354005,-0.6739579716627261,0.08608384117696606,-0.16791301771689743,-0.6185989630868248,0.030579991858419003,-0.29618568200879336,0.8264837430124791,-0.21017960935323038,0.43971955963164766,-0.668558685733196,0.06209620487419014,-0.19407305466382227,0.8715349023525637,-0.093441090825563,0.37776936502300673,1.865174681370263e-14,-2.7638346480691283e-14,10.853148504551399,0.00032338887878828674
-0.6391985917735217,0.03598249866525413,-0.28857917729729676,0.8720970575358692,-0.0968395048129526,0.3612703697037461,-0.4963141605045632,0.04734132942476891,-0.10322400827907978,-0.683031887234273,0.08896914712273397,-0.16744274803708856,-0.6299079918242406,0.03185090018800713,-0.2958645703665745,0.8238496743780096,-0.2049899400911522,0.4331481979357185,-0.676327150757217,0.06338716617288256,-0.19778155178020387,0.8653049587432111,-0.08234668285668832,0.379913386602255,1.1546319456101628e-14,-1.0427924083714775e-14,10.890016235980001,0.00027824729263464944
-0.6443569478180106,0.04281486225661651,-0.2895471008117779,0.8814112213541734,-0.10114055676532552,0.3647797537142799,-0.4942890004877976,0.052549216642540024,-0.09784807949491921,-0.6873060844561408,0.09032157398038435,-0.1720023119852501,-0.6315391645357384,0.037350163903690725,-0.2997557379290923,0.8325814781957291,-0.21080806299600877,0.43639385186061247,-0.6812025932447903,0.06879398814792488,-0.1989367326956911,0.8759662664935868,-0.08960852793528185,0.3799219144084719,4.556355293061642e-13,-6.225036993650583e-14,11.102999716820479,0.00034010456889929804
-0.6469757878331236,0.04217022609817467,-0.28966116413063997,0.8872400936879888,-0.10587433783563154,0.36832028288387225,-0.4945200051953702,0.045120157819511876,-0.10075863261435279,-0.6912662615942681,0.08562463180651031,-0.16868135844456542,-0.6369297741923206,0.0383208895396682,-0.2981219742348305,0.8415709927488741,-0.2193681503302442,0.4310624283052771,-0.6837376520596882,0.06309658779647333,-0.20031853381213371,0.8805956051354302,-0.09421848502790062,0.3863488019011667,4.1744385725905886e-14,2.937482443889911e-14,11.229067237950598,0.0002972973926381956
-0.6452684252799431,0.0428114018408874,-0.30042992746661346,0.8928853847106029,-0.11006107786445296,0.3628309693053901,-0.4988570806500252,0.0415462673075641,-0.10648449629974802,-0.6923388368053139,0.08253158266463431,-0.17559369440199027,-0.6386571905691237,0.04068196055719656,-0.30564412195494467,0.841133440237858,-0.21251669754149322,0.44500649529623404,-0.6871545586764771,0.06134722091093789,-0.20016522089679994,0.8878060390654116,-0.10098449557421789,0.3766014675949856,3.2862601528904634e-14,-7.426176345342278e-14,11.313158569698372,0.00020232775568169894
-0.6532921358586828,0.04158465964099748,-0.29893531087968017,0.8947565152852092,-0.10323087818631276,0.3659817369190131,-0.5027158634921016,0.045725007509156784,-0.10707075581424279,-0.6979008381924721,0.08621105778885932,-0.1786273915922541,-0.6446996041029401,0.038308373958680676,-0.3059024887190773,0.8432991399570519,-0.2085463117837468,0.44711428696970446,-0.6925754354562574,0.06294855426879697,-0.2040778805669303,0.8914895086248715,-0.09663833233113925,0.37495542312892044,2.6645352591003757e-14,-1.0393485930696144e-14,11.434039539435336,0.00029087372233257345
-0.6547160202653479,0.042816370984686394,-0.3001776271211832,0.9034825203149338,-0.10794513482949535,0.3710560670462079,-0.5055471266724745,0.04395856618692278,-0.10676783186116978,-0.6997503123440469,0.08508048670533938,-0.18005862679326523,-0.6468132385587421,0.04004078442263905,-0.3065051370669803,0.8519214950433026,-0.20923516998869757,0.4538513468331264,-0.6955271757515049,0.061590035211330205,-0.20253248983068145,0.8997217656562908,-0.10008132441313342,0.38145185958270494,2.842170943040401e-14,-4.496082492445154e-14,11.60167903318355,0.0002991995611459297
-0.6614132713361363,0.045712326541139894,-0.3006675321319409,0.9051167963952375,-0.10164977494419392,0.38389534039903783,-0.5158879317839954,0.04108352167241361,-0.11097586602651002,-0.7083781326707653,0.07903936557213415,-0.17946139436805217,-0.652873699464204,0.043320782011884953,-0.30756344486185366,0.8579353128990439,-0.21358464718713874,0.45264451432087366,-0.7015303774849008,0.05862860622690049,-0.2072157005938547,0.901235585652356,-0.09503742848003027,0.39412226797434136,2.220446049250313e-14,5.4938481101980264e-14,11.773188902028625,0.0002794507378882489
-0.6630101763648767,0.04099366102506029,-0.30266084762774836,0.9090556440377184,-0.11206275683353843,0.37336815300676124,-0.5110212782677609,0.04254167578410808,-0.10884141385265704,-0.7078720972394154,0.07958226718525449,-0.18385639171752893,-0.6534434629426077,0.037747790972346915,-0.310424970757229,0.8600405168703188,-0.21562046218352385,0.4494228006757322,-0.7026777458022784,0.05984748915304695,-0.20720792525053647,0.9029174322244666,-0.10340391683936105,0.38954464949030004,1.5987211554602254e-14,3.88650460333032e-14,11.804095719001397,0.00029944747852045557
-0.662886675313145,0.0478796278888061,-0.30711506104630426,0.9106934263362828,-0.11057185826949209,0.38639098710064385,-0.5173446541711313,0.04374646888052672,-0.11378153283341606,-0.7097690454480894,0.08258626825150371,-0.18724194903014882,-0.6541743795069278,0.04526986125952059,-0.3139752555968835,0.862215972951657,-0.21396401452904099,0.4594813092463873,-0.7040738144377965,0.06415133723922047,-0.21090252838864784,0.9030489428363951,-0.10138724892883452,0.4057793212504237,2.398081733190338e-14,-3.8355042584079345e-14,11.925661651913282,0.00023175129492921642
-0.6701174128341698,0.04346851552651626,-0.30486616305451497,0.917576482680727,-0.11238090629640567,0.37940741034403375,-0.5141132366937367,0.04071317067979813,-0.11069576201569442,-0.7150143337955339,0.08136551039309285,-0.186337693463029,-0.6620333450560457,0.04103236061037362,-0.31167417373107076,0.8683659175136761,-0.2153073493682718,0.4564279117830925,-0.710066153436533,0.059790429158958644,-0.20970050358080292,0.911627979107726,-0.10592663681951331,0.39464826012405513,8.43769498715119e-14,-8.791975345741071e-14,12.049996961575472,0.0002132439443159664
-0.6742333684526188,0.04625943352038689,-0.3060247745726429,0.9213083803495289,-0.1130047651999249,0.38354812853159365,-0.5213451217420587,0.0429844904364747,-0.11464815866109898,-0.7190453990046718,0.08151413804832608,-0.18837426966777926,-0.6647551679298205,0.04309466261177701,-0.31393554192622075,0.8752714501611689,-0.2188762548151176,0.4514374676040792,-0.7127638541503181,0.06316397879545478,-0.21388658500622967,0.9134369851903804,-0.10473927378006305,0.4036387576797872,3.6415315207705135e-14,2.561425674465325e-14,12.182849597950135,0.00022937441316848482
-0.6807894572573885,0.04113554485139122,-0.302907871864747,0.9248356445415306,-0.10808952732528274,0.3875488394146975,-0.5250408826081041,0.04546444185880793,-0.11242376853902399,-0.7224611302622763,0.08218157416734517,-0.19158450701919427,-0.6679353905921223,0.03582217529811628,-0.313679536279457,0.876908440148631,-0.21614361582149957,0.4600643241930307,-0.7166171446538875,0.06257945436261475,-0.21591482290186623,0.9214640999324222,-0.10420441004504667,0.3962194506175321,2.815525590449397e-13,5.097162806882798e-14,12.304498769968998,0.0002678071736408353
-0.6847703289723212,0.041062498130096464,-0.3008816855403725,0.9304728652262787,-0.10814657060720613,0.3947681959195306,-0.5296283500588775,0.04636405097875605,-0.11389129309162345,-0.7254931591345517,0.08444250362882295,-0.19129078156279403,-0.6721561006099265,0.03639692007481684,-0.31171214660223856,0.8824950646649339,-0.2178935260264644,0.4665360833799862,-0.7197061971368662,0.061788481184250656,-0.21659761342345002,0.9289863260172876,-0.10588745968040116,0.3986938294317005,1.0125233984581428e-13,2.8827829342522365e-14,12.457355464818031,0.000240815775893949
-0.6902072512706202,0.04541797410848492,-0.3051124836651126,0.9345323689733114,-0.10826846986958581,0.3990356933568955,-0.5278835604174592,0.04445372538349215,-0.11184327610043146,-0.7332691099037199,0.08136487957797649,-0.1925577173505413,-0.6789389399731095,0.0415196764690393,-0.31494959384074234,0.8884324693463369,-0.21609465531439612,0.467374589208441,-0.726889249183424,0.063520975699319,-0.21740726761530244,0.9304421582668215,-0.10345871459397502,0.4095053789735301,3.552713678800501e-14,5.3474113944524154e-14,12.633495062794587,0.0002831982533588325
-0.6912566926863198,0.04831244013513938,-0.31090385012169797,0.9512066363966215,-0.12265226875345746,0.3895171877608306,-0.538129583744178,0.04762509498095507,-0.11652156152048433,-0.7363948808014588,0.08457476015256883,-0.19216698603911198,-0.6863018001440159,0.0466686204987045,-0.3149164952844534,0.9015144956766415,-0.203463540231935,0.4772027634358282,-0.7329207896012142,0.06913805118131369,-0.20882673223657658,0.938974820169546,-0.11153003235120384,0.42089228850902005,2.3092638912203256e-14,2.9867977201836476e-14,12.868248585615046,0.00011576598979962591
-0.6996504328764408,0.042009920169770114,-0.312733079671614,0.9665673743808353,-0.12252967917641953,0.39287116972034997,-0.545778072674719,0.04537999187814937,-0.11735327148128534,-0.7438606176767979,0.07838128774008121,-0.19663968100919615,-0.6942201044708375,0.0402191021627302,-0.31707449972060214,0.9170071585013556,-0.1960078754784035,0.48476752492628317,-0.7416390840535966,0.0636966788640126,-0.20919050005763856,0.9553505118824709,-0.10945202436317199,0.422352778354825,2.220446049250313e-14,7.077628254033314e-15,13.203802290756698,0.00011903404790071084
-0.7642319173523107,0.04989911758327883,-0.3353666904395792,1.034693011272555,-0.12827395162170707,0.43161520545880716,-0.571873875344102,0.04693063992046123,-0.13121808865958168,-0.8057469484307607,0.08373295291851435,-0.22777741939123547,-0.7606115111690596,0.04862449783889818,-0.3388620205884806,0.9857274716541098,-0.19253140044844017,0.5257476378210467,-0.8042884302913424,0.0693114769056926,-0.23749372717061545,1.0309983083081058,-0.12249240876586921,0.4415825992493028,5.950795411990839e-14,-1.8109792920760844e-13,15.423779051727715,0.00011080143948783291
-0.7610800239223292,0.05061823640513652,-0.3302626901187681,1.0378776810421149,-0.13169287980948952,0.44409157989902787,-0.581729898361562,0.0467322635635664,-0.13191121835269032,-0.8029766217843731,0.08086972951029354,-0.22333584778378376,-0.7555965593883816,0.048885029655694,-0.3353526313513042,0.9890672684757955,-0.20599090922050753,0.5332041781570986,-0.8001768915751263,0.06861981419624989,-0.23572383370123484,1.0358994483014907,-0.12994768402087334,0.4490946746112861,1.545430450278218e-13,6.910101169945275e-14,15.475532707534892,0.0001034763582903925
-0.7766578460778487,0.0481935819345901,-0.32844399064038177,1.046899753801002,-0.12379628766729125,0.44553654923639363,-0.5824940770992074,0.046523023998785,-0.13041053869044703,-0.8160257831835342,0.08605110596453339,-0.22426914148565677,-0.7718571336504529,0.04604148488620493,-0.3332653045830046,0.999505553848251,-0.19720021446181896,0.5336287313052659,-0.8129232986512852,0.07066886053883777,-0.2385879268670697,1.0446598314496405,-0.12132342693594583,0.4513601962141758,1.4921397450962104e-13,1.1132590950577143e-13,15.814444934587359,0.00011217501162128257
-0.8019390385714413,0.05191234422020654,-0.3272570668433386,1.069054819310051,-0.13689532563436735,0.45070962957768784,-0.6112664454141743,0.05534057506412383,-0.13842540608459453,-0.8375111992289479,0.09290032928847372,-0.22877852631502105,-0.7956168020200775,0.04867379273955094,-0.3337274435489182,1.0268125369027843,-0.2103176731527072,0.5267212358499941,-0.8346066572133832,0.07625392522989619,-0.24339481824053166,1.0608339996962486,-0.12590618285930152,0.47312539397206615,3.9968028886505635e-14,-1.42466532191053e-13,16.56441394209448,0.00018696362143482822
-0.8067797268418739,0.049142319280437566,-0.3303975582788439,1.0787127982477362,-0.1388343767134014,0.4551423559078769,-0.6118693002503671,0.0561676000597028,-0.1422210105242148,-0.8423065041136447,0.09375144351469082,-0.23139644696512102,-0.8024228868070313,0.046830266948834014,-0.3349432110605527,1.0354670770748446,-0.20566808362573755,0.5357599667055644,-0.8393632713737844,0.07681725669336456,-0.24615089971944695,1.070858008900763,-0.12692606431453818,0.47682039532606657,3.6504133049675147e-13,-2.788769201987878e-13,16.828388905876846,0.00011074317781297893
-0.8088434772139302,0.05204259183594993,-0.33296658164833404,1.0833643615463762,-0.14072412828212072,0.45695700670587186,-0.6138297690318211,0.05564768233155376,-0.1410009929907152,-0.8448836596941101,0.09312337574769076,-0.23405148231094217,-0.8040023721393882,0.04967245415672659,-0.33794883473987347,1.0403751565317667,-0.20528683966377256,0.5377808119197993,-0.8426909261200721,0.07800809963704587,-0.24605996367132368,1.076889884810147,-0.12680165641276336,0.4757810922416745,3.6415315207705135e-14,8.04325817990451e-14,16.965322580897286,0.00013584465112936438
-0.8114451797740058,0.05335718518609812,-0.32747116225298384,1.0878980085596819,-0.13491025737415405,0.4663818066142586,-0.6148284682448859,0.06194516282052121,-0.14203270508719554,-0.8455898717822953,0.09596845506172755,-0.23245789298533617,-0.8040049607611887,0.049047382649575054,-0.3353588457270819,1.046617967052598,-0.2130564207200757,0.5377847955921611,-0.8408416335120716,0.08144299640960448,-0.2508784999519987,1.081456865689741,-0.1264156095958008,0.4838018524847452,5.1514348342607263e-14,-9.964466544636093e-14,17.090520323183526,0.00017187063788629448
-0.8077141356192559,0.05346336482968856,-0.33700653605465036,1.0898038232975158,-0.13324035884839794,0.468140931988923,-0.6137646737809044,0.05132862674850168,-0.14374409176095146,-0.8455791930007928,0.08745826013835208,-0.23727877446545606,-0.8019773769802383,0.05110272438471835,-0.3429107415053715,1.046271026083986,-0.20762005849896092,0.546625431866235,-0.8418989772344808,0.07493813581045597,-0.25187931635250277,1.0866618625254316,-0.12712942783600506,0.47692627038905633,6.918909889463976e-13,-3.0435299028926445e-14,17.133550170697806,0.00010724222040900667
-0.8182844380551437,0.05589205601334226,-0.3315188686054032,1.0932276991566878,-0.13966348387569896,0.47091288555176336,-0.6199038099644578,0.05900885679210846,-0.14252355983472695,-0.8532342169131216,0.09678066417177106,-0.23534764979661155,-0.8120632738703011,0.05238537183679072,-0.3381325918224935,1.0513400459295463,-0.21337492278668244,0.5451288137463934,-0.8493262818957469,0.08221244187112581,-0.2515745408560954,1.0884580644070978,-0.12961307410231912,0.4846808862327705,5.1514348342607263e-14,-3.646196050571232e-14,17.342317808235332,0.00010863798316171798
-0.8167951000648958,0.05280950944626254,-0.3378684337360828,1.0979027242856476,-0.13353800827543044,0.46741453576461767,-0.6212723603925702,0.049491476386428916,-0.14892828454244017,-0.8544794232463404,0.08773379137528431,-0.23704899379789313,-0.8130901426992472,0.05124364020814432,-0.3418254934707876,1.056030782418777,-0.20869096014581248,0.5426666258597324,-0.8505262310729235,0.07149306093731352,-0.25390383214919926,1.0939058582965067,-0.12588498204371187,0.47863577468663193,4.440892098500626e-14,-1.1011207842828921e-13,17.39525666441844,0.00012889368770267637
-0.8205381805593134,0.055013630327355144,-0.3382473080009678,1.1037024648609894,-0.14088131008874707,0.47004330583660964,-0.6234815213607536,0.05442195859680068,-0.1458171475698051,-0.8567451779796438,0.09147303841629817,-0.2408354987179277,-0.8147772131971326,0.0523763766285595,-0.34427145204560805,1.0609591734665411,-0.2100773102905439,0.5486136071249366,-0.853742965889754,0.07873388686994169,-0.25386555080529516,1.0988022084972857,-0.13196320214183538,0.48383158189427206,5.364597654988756e-13,4.573582972113961e-16,17.576607205511547,0.00011674201569877027
-0.8199340374081135,0.05196585359723476,-0.3346570406778827,1.1092836173830802,-0.13892588836009706,0.47276671364723677,-0.6171447419906194,0.056508500847332714,-0.14678429711975408,-0.8535582804786519,0.09485386123315458,-0.24121715675888317,-0.8132946027819588,0.04839182569773766,-0.3419506982027839,1.0684095553526802,-0.21382333084757424,0.5447902394505569,-0.8497823681211786,0.07819411949650781,-0.25772587939284186,1.103386378472117,-0.12967610504442167,0.4890276198748847,6.572520305780927e-14,2.0746558787735167e-14,17.639493932872426,0.00011260403543488983
-0.8264872524388965,0.055801082854317216,-0.33528883995914716,1.1085973490594665,-0.13721799580057867,0.48221763873113793,-0.6185512334348202,0.055403858769850316,-0.1478716866887773,-0.8610342061754137,0.09602215841176888,-0.24045876872909222,-0.8205945101325943,0.05263708814727688,-0.342036664586705,1.0689907223594917,-0.21973315319791661,0.547908095406763,-0.8556746490252618,0.07827417888811056,-0.2614557366842583,1.1039167483007006,-0.13065458191611698,0.4948354497644462,4.529709940470639e-14,-1.821587369929761e-15,17.797858061969176,0.00019530085463835442
-0.8314993961967709,0.05078055632955835,-0.3316660187060312,1.1132190825263018,-0.1386827595419124,0.47998908837964893,-0.6116966200312821,0.053965516502596796,-0.14384829729386345,-0.8639720377733984,0.09582446558339053,-0.23960185812890775,-0.8255515009585295,0.04715757025472774,-0.3388298646310539,1.0747533331102097,-0.2204046275639416,0.5439815568686689,-0.8589971603964737,0.07497912614643114,-0.26083017876280146,1.1081328296346287,-0.13015563618145387,0.49414836793623845,6.750155989720952e-14,-1.0522438050454696e-13,17.903697032560682,0.00021161351418765
-0.8414170830260864,0.052149864772151944,-0.34236908927080795,1.130114232710328,-0.14454267761669137,0.47768877179578584,-0.623805567871048,0.05641506489802057,-0.1515497090039556,-0.8733808750883325,0.09774831495659977,-0.2517489446822732,-0.8360585016050608,0.048941936428399786,-0.34860880612591255,1.089370003033538,-0.21402398752752866,0.5517837185436445,-0.8709359077244133,0.07842145121057394,-0.26576392665171683,1.1277569254991762,-0.13423742992851798,0.48572039685849433,5.5067062021407764e-14,-4.552662613775717e-14,18.391249581786155,0.00014645343750172387
-0.8420373350919252,0.053802538333516246,-0.33941622614278705,1.1301077616961288,-0.13776355804643842,0.48771913460590244,-0.6290139658985292,0.055738492250116345,-0.15164538163123384,-0.8754094150704947,0.0941113222715242,-0.24734649253108565,-0.8356122441224793,0.050247935569373986,-0.34688447154347063,1.0904120322077122,-0.21776058301887352,0.5556026120797126,-0.8702234565461401,0.07829562472017643,-0.2670113681895677,1.12647148990352,-0.1327308180745146,0.49754988685762996,5.5067062021407764e-14,4.3373003450285047e-14,18.438668288061255,0.00011442884221028149
-0.8480162942442736,0.054170351683982584,-0.344585160133251,1.1395228382028717,-0.1450145366791411,0.4877883397639145,-0.6280285284643662,0.05584796239321127,-0.15322606534916003,-0.8819463482785226,0.09349288807036035,-0.25123869996315673,-0.8428529415215471,0.051377584980021346,-0.35065849804180355,1.0999065149565819,-0.21912493493605145,0.5573163743969994,-0.877366582645085,0.07862484173578776,-0.26908066783185186,1.1352435607243456,-0.1365522059103641,0.5000009996966591,3.552713678800501e-14,6.595579674739192e-14,18.72952128658445,0.0001093908081004334
-0.8557645420954567,0.054809397934124385,-0.34661984044025157,1.147909285897937,-0.1457644252506327,0.48938956102247944,-0.6355349908871882,0.05438214664937492,-0.15704188768432575,-0.8885365576127289,0.09696855437845117,-0.2549127761956019,-0.8513147811654528,0.05199745370303672,-0.3519222282908674,1.1075293202086676,-0.2180009258898595,0.5617819543149027,-0.8848263161201755,0.0781972959350569,-0.27193479701176054,1.143451654818351,-0.13971263645690138,0.501516836539377,7.549516567451064e-14,-1.7437905856178313e-13,19.013180118117337,0.0001253442011062232
-0.8582876326953162,0.05107618931512816,-0.3468852017750115,1.150489795986758,-0.1471198962131273,0.48901079353256305,-0.6388305919340549,0.05383326894259023,-0.15703684128362527,-0.8903324256521117,0.09599311648260968,-0.2564510174526064,-0.8539046293010526,0.048219732621413276,-0.3520347239749091,1.109730748405902,-0.21316771847720037,0.5647851680164964,-0.8874604577668064,0.07774332085969088,-0.27100531792105276,1.1468894045735198,-0.1381871771855522,0.49973774398730747,8.704148513061227e-14,-6.222814117350215e-14,19.091049002298465,0.00017202590536248864
-0.8604759215589646,0.05326134794390422,-0.34869932793894,1.15199098651013,-0.1483451527614711,0.491812494233069,-0.636790274981485,0.0579240127167475,-0.15786107369017152,-0.8924520961625602,0.09638555836042237,-0.25904472261601885,-0.8549665449264551,0.049575824523234766,-0.35521456754742053,1.1120297677462718,-0.2182266308901453,0.5636666780328854,-0.8886272435926813,0.08065587167802359,-0.27512635058312046,1.1488871696696243,-0.1394468311628654,0.5013305517269502,8.171241461241152e-14,1.3679569990463126e-13,19.186703668836365,0.00012821109119994217
-0.8626163892572545,0.05423417544263448,-0.34771082434437656,1.1590579635690348,-0.15061632465696362,0.4943465931830206,-0.6421079738635058,0.054206687585136,-0.15836147689670127,-0.8946992078932379,0.09441361001384739,-0.25813507354343607,-0.8566978030020911,0.0506918099301106,-0.3547769884379357,1.119600434885182,-0.22503275088228997,0.5637343011447543,-0.8906929460557005,0.07799225965815036,-0.2750215382050563,1.1557083008375937,-0.14468193131536192,0.503817395155882,5.240252676230739e-14,-1.2148440451314967e-13,19.350923243652932,0.0002183295112554482
-0.8657608181116463,0.05367412307592662,-0.34927257011450746,1.1606422334351698,-0.14719769098828892,0.4946768800620064,-0.6420459053728004,0.05490922523453698,-0.1586639991002983,-0.8979039451683921,0.0952890594155787,-0.2594537347250898,-0.8604080600473674,0.050302959594350764,-0.35568182217050565,1.1201854713406418,-0.21844067680632667,0.5679084113603756,-0.8938173000905386,0.07981051002160003,-0.2761096996571705,1.1573215791182156,-0.14242564411837594,0.5037822660204402,1.1812772982011666e-13,-1.4300746831344888e-13,19.433803104424697,0.00017139050309509274
-0.8712187660995458,0.05573095648040029,-0.35211665888767607,1.168744870398353,-0.15542854020905764,0.49375925553968386,-0.635710396960122,0.05441159940917402,-0.15572400725416477,-0.9040784271629548,0.09783972076618887,-0.2598213092854853,-0.8682398805894532,0.05391386378714011,-0.3557873691105944,1.1283934937609221,-0.21640638228615966,0.5702398250927752,-0.9010798827168565,0.08198696947697141,-0.2739962167670941,1.1630814786949466,-0.1451411936063664,0.5099579367334445,7.993605777301127e-14,-2.7068773769455353e-13,19.684730277618506,0.00010865831154973106
-0.8747409285851211,0.054487740105536316,-0.3531594614707234,1.173150214696183,-0.15716928728090054,0.49885246870891986,-0.6386730218048218,0.05256808295277154,-0.1568005628397883,-0.906855468380432,0.09871698319079941,-0.2624264977145079,-0.8721828676288716,0.052917064297729126,-0.3563432440236267,1.1339025375418494,-0.21624237613668523,0.5732126283826404,-0.9048775925106637,0.08014986095336928,-0.27486435991171126,1.1690442187685506,-0.1428819424063661,0.512146599669845,7.105427357601002e-14,-5.253089087963514e-14,19.85704713156942,0.00011060295893651026
-0.8829943980467453,0.05449588220918195,-0.34663287329276055,1.1737150719320835,-0.15071013288274165,0.5067748481344517,-0.6389345609342103,0.055281374514788525,-0.1537428946068413,-0.9121742097823456,0.10137541036016802,-0.26197086587875185,-0.877762621633423,0.05019779592534382,-0.35340390632919977,1.135722897185788,-0.2227619416608978,0.5736604099657822,-0.9087215536841585,0.08003700563168466,-0.27907949173483854,1.1693886238681146,-0.14246025110959787,0.519168433186875,1.1812772982011666e-13,-8.416570861956166e-14,19.999269459599947,0.00012624786606998777
-0.8909512450026336,0.05244717426848598,-0.34891643925012206,1.184019813919856,-0.15372170976860808,0.5116000299212363,-0.6475235785027937,0.054694840779368294,-0.15815831599488836,-0.9195854046150214,0.10050491793789924,-0.26536235390209334,-0.8857751451400248,0.04832911184226764,-0.3556824625318825,1.145933907078867,-0.22460242256308846,0.5791755715432804,-0.9158092852707944,0.07993048854556824,-0.2829644298762044,1.1802037964255736,-0.14608186591233735,0.5226199008693216,7.993605777301127e-14,4.042375696626103e-14,20.35171122419316,0.00027015390114810283
-0.895105605792115,0.05233518366763462,-0.355720365775273,1.193500545412163,-0.1577125554479218,0.5117926299701827,-0.6547871069407751,0.05577942239385489,-0.16121771960946019,-0.92550725850834,0.09618274531413515,-0.2696364690813447,-0.8904404549457415,0.04915344259004835,-0.3615712758902961,1.1543334784891592,-0.21965176080525134,0.5851662466088983,-0.92251894920369,0.08063312343757116,-0.28331165287199833,1.1882489486626562,-0.1484825526627994,0.5266575604967966,1.5187850976872141e-13,2.2171706329633636e-13,20.634676316811532,0.00014025616974009436
-0.8968174939276691,0.0511421324223373,-0.3572084604359512,1.2005825216556452,-0.16307096956046893,0.5177133329339809,-0.6558180209100624,0.05390124047115962,-0.16181699465872815,-0.927510687086046,0.09408678006142618,-0.2708937037753263,-0.8924867458377633,0.04813025804218855,-0.3626213441993119,1.1619360781085746,-0.22364336796009948,0.5899209048463325,-0.9247409872406678,0.07874506168110168,-0.2839002746244521,1.1963102426141143,-0.15163478315575804,0.5307029326819016,1.021405182655144e-13,3.712875074847496e-13,20.840572140758002,0.00011072456789872545
-0.9069636385262007,0.053848143727478245,-0.3523792821016753,1.2125864296048094,-0.16467599271379235,0.5242662370037906,-0.6545542338466733,0.056337685647752773,-0.165024549564683,-0.9327666875479147,0.10864342453757818,-0.27325458475960435,-0.9033839505516795,0.05080091537989185,-0.35751679909377954,1.1759803636264554,-0.23147350454554794,0.5891452513459191,-0.9303224336685789,0.0819885230112841,-0.28982094886425375,1.210725425456111,-0.15317333485504103,0.5315404711573324,5.3290705182007514e-14,-8.1773261651168e-15,21.233817986368887,0.00013182247221201182
-0.9107407492077565,0.05414213099301359,-0.3610048996557975,1.2185539723051613,-0.1649285751571398,0.5255450963415143,-0.6712304820776419,0.05349192800785424,-0.16678795019998874,-0.9413830658737425,0.09422583424506802,-0.27541813676998106,-0.9060446243851982,0.05108741541000939,-0.3669272219675365,1.180294332198693,-0.22730163047418112,0.5965817729425151,-0.9380904753579907,0.08072523502702206,-0.289082342586635,1.2145080909879233,-0.15624660647572677,0.5373837409891754,1.2256862191861728e-13,2.318126482959503e-13,21.47025925934361,0.00012885049319793213
-0.9822341996265153,0.06056227728699575,-0.3827034611280571,1.311136463523989,-0.18014102687273764,0.5675612349321195,-0.7109137911703579,0.05252261738336196,-0.18181550421537976,-1.0109919477682552,0.0999702537586622,-0.30163346885650705,-0.980422610630285,0.05936559026878614,-0.3852703204413243,1.2759167487055738,-0.22989967770941355,0.6363870753528263,-1.009647877165028,0.08283581651522008,-0.31134689154654094,1.3043712445490845,-0.1676077353946454,0.5870282044152929,8.08242361927114e-14,-3.2313173989208794e-13,24.88115486159189,0.00010454260600697762
-1.012725400269863,0.06251759940049299,-0.38624438930871247,1.3536309958314903,-0.1882958767133626,0.5913008266110241,-0.7308269734415962,0.05609505738719946,-0.18521588836390993,-1.0394803645860744,0.10054954189899551,-0.3102146314710186,-1.0087459688076197,0.05938468458310317,-0.3920207178579319,1.3212595583757873,-0.24236326638046557,0.6518664179492107,-1.0365272158356809,0.08859452229494749,-0.32215127130082527,1.3476973976926383,-0.17505512724971445,0.6090368145650478,7.016609515630989e-14,3.911322655161926e-13,26.47166422420147,0.00012939030024857622
