-0.12842818455536148,0.18522032054863946,-0.29861518044647023,0.09750536695680986,-0.1842178523873799,0.09789237930939684,-0.05883903145842048,0.0307933719775897,-0.3349481972428448,0.09481326484055208,-0.13244785488570252,0.2287607611970326,0.07450578478693949,-0.027297509897652627,0.23305775821769598,-0.051128055653292696,0.3265061459903257,0.03975238320092647,-0.09652260414489593,-0.007358305704742919,-0.26830155445830256,-0.25119438236840114,-0.16964255363549802,-0.01953064907940129
0.2707078971038683,0.13711361796300844,0.07621431810639429,-0.03942294805786139,-0.07914262631609666,0.25352895807352854,-0.23925071719625382,-0.09825017919506429,-0.087246337954711,-0.046213905012112096,0.3577997392421711,0.027561031643210967,-0.3031621809772371,0.06536639472088916,-0.0699273328832751,0.3273858724899749,0.035994335532182495,0.07843447853498182,-0.20500491364521467,-0.09020522001843452,-0.029167811658940588,0.17818169017774502,-0.14873515756006944,0.011842808315394662
-0.0278984914954108,0.22213694155207306,-0.2889074228786982,0.09345388537604911,-0.22645115324522247,0.08255026145351727,-0.025730276501267035,0.08363677804031253,-0.3393779905581207,0.12881368728178055,-0.1738488204123216,0.2136113853374008,0.1357053253408923,-0.09643697849383882,0.22334565809360157,0.07556987838545705,0.3397817530840475,0.026323057082019985,-0.07328314807281901,0.0236245212445697,-0.23664690860633064,-0.2236462813753037,-0.13582067695093053,0.027404814551882522
-0.03895144949448722,0.24200719758819167,-0.20294685355930028,0.06737674072234771,-0.268201916500518,0.08647184209675088,-0.021123823911565115,0.08174944167906238,-0.27826425266491456,0.08571705365695004,-0.21920783832511387,0.2511108215316456,0.09636104909212306,-0.11289072196286425,0.2746859909973342,0.06170672075201441,0.3194034947129192,0.09035521474597141,-0.06105863959929682,0.036014567427477245,-0.1884518583989743,-0.22076166997504448,-0.12209996275704625,0.10420638090057666
-0.06611315375565474,0.01666862496894739,-0.3794312045430521,0.09842709221354688,0.0355182726874541,0.11273382904051744,0.013696540149827442,0.04336488270913069,-0.34422194770056286,-0.1305367292770116,-0.039326938887544516,-0.32383785114694197,-0.10535999042948378,0.26420619833054076,-0.08939602861894397,0.1714706635510231,-0.039558108074330134,0.18225803858953896,-0.21715745503292133,-0.20931489305153012,0.13879849071346378,-0.004347465547860027,-0.09056390135135013,0.27655917175853245
0.29302228178140943,0.08030134069995652,0.14336921357596333,-0.008930920325719354,-0.11841113280305364,0.3036889083622065,-0.20461051852414433,-0.09990320881367618,-0.15425227425129648,-0.07812388366047196,0.30020352525167826,-0.09525665202303887,-0.26824915667568816,0.05828351928746222,-0.13320004632477342,0.3243692665145364,-0.01630897749420488,0.17380243889308,-0.151145149462333,-0.10024307376534317,-0.03354106873654549,0.2960516202607379,-0.07992149481220549,0.13862399374637727
0.3003637747018318,0.10183431265867111,0.13547701080568256,0.0415797117899782,-0.11669431241462305,0.28787075316038246,-0.18911761000118663,-0.10368557978345021,-0.16362969821664752,-0.06476722613717349,0.2954629410931626,-0.11694467382060593,-0.2397514094472586,0.0629168574916763,-0.15318630519350404,0.33826453441910204,-0.022075697996109995,0.1793519706418556,-0.12279867907904093,-0.10073856164689579,-0.040969296813116445,0.29398413803206913,-0.11698544407530752,0.13570975990854076
-0.03831750995368183,0.27620343443436807,-0.2105928600300741,0.0932767635351699,-0.21832174550459435,0.18577618947918623,0.021584893608649094,0.10252384417810319,-0.2913252105872957,0.08686509765206558,-0.1817174000015592,0.26965960643914044,0.07668377750634256,-0.08138447124033514,0.2873146035341659,-0.027568110699719983,0.3705326955908014,0.022177733178651217,-0.03741166582366165,0.037201753712088614,-0.1743056163659633,-0.22350772277764122,-0.13941240502141047,0.10645627074527217
0.04972113950049382,0.06930209603133353,-0.36285356641243705,0.08868285366493439,0.01960866322822021,0.1500415614169109,0.13644082492645895,0.07091640745801443,-0.31155527884363565,-0.023940584106697495,0.03724061948547517,-0.33547560682023103,-0.022679807382690532,0.2953719803970564,-0.11182701208858299,0.14175670986640276,-0.0784673716693751,0.2508103021042282,-0.24783559078528453,-0.14149602941782563,0.1433706512163707,-0.05270936417224312,-0.10355678106134818,0.2872546256377636
0.03200648388687624,0.043064698284992084,-0.3239027508624667,0.09040214808828324,-0.01609938425885579,0.17669006762169248,0.09690725334767157,0.04272050535558681,-0.29472014732907553,-0.07795235186750121,0.0029641461883502408,-0.26746457847437827,-0.09420836892839929,0.24191950307288465,-0.08139069095751429,0.16835050725913264,-0.10917690868655952,0.2735723689666526,-0.2238694679082697,-0.15742080154616683,0.24781049352494805,-0.08052324437053256,-0.1196815237932762,0.34129826477141195
-0.035326120871380415,0.10734602990760599,-0.3775255113338293,0.09979237967751599,0.07795081448577948,0.13456181706444317,0.03452815536136108,0.12300672402856253,-0.35428014803456176,-0.08661460836136368,0.06113824012847565,-0.3478462180348193,-0.10332202163427102,0.32878561517478533,-0.13348140354603344,0.1890523092694698,-0.0056163920493659284,0.2350124838890344,-0.1508582397006077,-0.18310232401798415,0.18220075157859086,0.03177735333404112,-0.060989212182352585,0.29943728913748324
0.0021774692944660245,0.07528065670781647,-0.3504636494883054,0.1395167523443617,0.016538420600804193,0.14455727957876197,0.08959635892990556,0.0787861356852565,-0.3222485427037315,-0.05659927187323925,0.037009386491430575,-0.3183218705864636,-0.03237383255465147,0.29304131822355883,-0.10897560130483017,0.20350405868191626,-0.07949901543387153,0.2590313559713906,-0.17434657914823562,-0.166568049017307,0.22281131519506994,0.027646697646331896,-0.10506200722498915,0.3245096881076918
-0.005352131355292826,0.09694076182043485,-0.32069420296400886,0.0634829654163422,-0.05251521748120954,0.18636082864451614,0.15724340365277678,0.09595981325130827,-0.2375652345966114,-0.06241795582707077,0.07436039575881513,-0.3044956716395262,-0.06774076693068279,0.25352386528093124,-0.1131057915628749,0.0996761458234985,-0.1459754629213205,0.3054646523484639,-0.27491630295202374,-0.1893796540489633,0.19801369641631575,-0.05146275682948242,-0.18140677331894237,0.32093610661004357
0.01762319774261989,0.010914379314051289,-0.37297265491930925,0.10996880137172088,-0.02125570490139991,0.13657295467194389,0.12386720250826087,-0.0034614683802482653,-0.3366185244216262,-0.031841117276092304,0.004047974113346884,-0.35006103260757004,0.013233987050419001,0.2481218913909287,-0.19347821235805182,0.14919832876803013,-0.1321133675594379,0.2906275724155649,-0.21988904445519974,-0.0757852636032982,0.2673797245224685,-0.02781650004002972,-0.10774087708485783,0.3350468436956367
0.015887519624749886,0.10668092323709262,-0.32413455624665277,0.059604531416538695,-0.04219414908618174,0.17229319702143656,0.1062366783927504,0.10744946361415174,-0.27922680233198016,-0.06410683631932963,0.07310197699745316,-0.30445506783151227,-0.02859905909572928,0.2811200480464486,-0.10877325970562622,0.0906250962363335,-0.1767598770996478,0.3180266743779447,-0.2630184096563127,-0.2028468287908081,0.2391154800245774,-0.08732958645788347,-0.19137508371707262,0.3391982466567759
-0.004674729958178066,0.073419812189594,-0.3377919351378825,0.07156615661706009,-0.003460273891225752,0.20334942613179788,0.13625598806908154,0.08370342370551508,-0.2874034022053017,-0.0743407454652262,0.0405217956323455,-0.31702181203273133,-0.051234639170662157,0.2413592664822236,-0.1963224958353409,0.121056849604386,-0.09554571673619473,0.36355814993878643,-0.2185087758110274,-0.16579118612766844,0.3030230440954051,-0.026683657194352162,-0.11495888251244729,0.39008603784751295
-0.005573493213897612,0.08286119720577212,-0.34337709399717065,0.0638643083077772,-0.0037631862183621603,0.2043115852051904,0.11632089412747383,0.08549207407715409,-0.30248596532366306,-0.0706220712981619,0.052627922127830074,-0.32578616509647995,-0.056617564719438254,0.2598084483684801,-0.19546624877344435,0.11505077420892136,-0.10075515160206737,0.3622255061773114,-0.21663278395324287,-0.17175794587653975,0.30317467913879864,-0.03675202619883291,-0.11124614641383918,0.39217870275550193
